-- phpMyAdmin SQL Dump
-- version 4.1.4
-- http://www.phpmyadmin.net
--
-- Host: 127.0.0.1
-- Generation Time: Mar 09, 2016 at 02:33 PM
-- Server version: 5.6.15-log
-- PHP Version: 5.5.8

SET SQL_MODE = "NO_AUTO_VALUE_ON_ZERO";
SET time_zone = "+00:00";


/*!40101 SET @OLD_CHARACTER_SET_CLIENT=@@CHARACTER_SET_CLIENT */;
/*!40101 SET @OLD_CHARACTER_SET_RESULTS=@@CHARACTER_SET_RESULTS */;
/*!40101 SET @OLD_COLLATION_CONNECTION=@@COLLATION_CONNECTION */;
/*!40101 SET NAMES utf8 */;

--
-- Database: `pras`
--

-- --------------------------------------------------------

--
-- Table structure for table `bf_academic_session`
--

CREATE TABLE IF NOT EXISTS `bf_academic_session` (
  `id` int(9) NOT NULL AUTO_INCREMENT,
  `session_title` int(11) NOT NULL,
  `startDate` date NOT NULL,
  `endDate` date NOT NULL,
  `studyMode` int(11) NOT NULL,
  `deleted` tinyint(1) NOT NULL DEFAULT '0',
  `status` tinyint(1) NOT NULL DEFAULT '1',
  PRIMARY KEY (`id`)
) ENGINE=MyISAM  DEFAULT CHARSET=utf8 AUTO_INCREMENT=5 ;

--
-- Dumping data for table `bf_academic_session`
--

INSERT INTO `bf_academic_session` (`id`, `session_title`, `startDate`, `endDate`, `studyMode`, `deleted`, `status`) VALUES
(2, 1, '2013-12-10', '2015-10-01', 1, 0, 1),
(3, 2, '1970-02-04', '1970-02-11', 1, 0, 1),
(4, 2, '1970-02-03', '1970-02-17', 1, 1, 2);

-- --------------------------------------------------------

--
-- Table structure for table `bf_activities`
--

CREATE TABLE IF NOT EXISTS `bf_activities` (
  `activity_id` bigint(20) NOT NULL AUTO_INCREMENT,
  `user_id` bigint(20) unsigned NOT NULL DEFAULT '0',
  `activity` varchar(255) NOT NULL,
  `module` varchar(255) NOT NULL,
  `created_on` datetime NOT NULL,
  `deleted` tinyint(12) NOT NULL DEFAULT '0',
  PRIMARY KEY (`activity_id`)
) ENGINE=MyISAM  DEFAULT CHARSET=utf8 AUTO_INCREMENT=214 ;

--
-- Dumping data for table `bf_activities`
--

INSERT INTO `bf_activities` (`activity_id`, `user_id`, `activity`, `module`, `created_on`, `deleted`) VALUES
(1, 1, 'logged in from: 127.0.0.1', 'users', '2015-10-05 21:22:08', 0),
(2, 1, 'App settings saved from: 127.0.0.1', 'core', '2015-10-05 21:22:41', 0),
(3, 1, 'App settings saved from: 127.0.0.1', 'core', '2015-10-05 21:23:44', 0),
(4, 1, 'logged in from: 127.0.0.1', 'users', '2015-10-06 12:19:42', 0),
(5, 1, 'Created Module: Campus Manager : 127.0.0.1', 'modulebuilder', '2015-10-06 12:36:13', 0),
(6, 1, 'Migrate Type: campus_manager_ to Version: 3 from: 127.0.0.1', 'migrations', '2015-10-06 19:23:20', 0),
(7, 1, 'Migration module: campus_manager Version: 3 from: 127.0.0.1', 'migrations', '2015-10-06 19:23:20', 0),
(8, 1, 'logged in from: 127.0.0.1', 'users', '2015-10-07 02:36:59', 0),
(9, 1, 'logged in from: 127.0.0.1', 'users', '2015-10-07 18:48:33', 0),
(10, 1, 'logged in from: 127.0.0.1', 'users', '2015-10-07 21:39:32', 0),
(11, 1, 'logged in from: 127.0.0.1', 'users', '2015-10-08 03:08:41', 0),
(12, 1, 'logged in from: 127.0.0.1', 'users', '2015-10-08 08:19:26', 0),
(13, 1, 'logged in from: 127.0.0.1', 'users', '2015-10-08 14:06:27', 0),
(14, 1, 'Created record with ID: 3 : 127.0.0.1', 'campus_manager', '2015-10-08 14:52:20', 0),
(15, 1, 'Created record with ID: 4 : 127.0.0.1', 'campus_manager', '2015-10-08 14:54:40', 0),
(16, 1, 'New Academic Session created : 127.0.0.1', 'campus_manager', '2015-10-08 14:54:50', 0),
(17, 1, 'Created record with ID: 1 : 127.0.0.1', 'campus_manager', '2015-10-08 19:44:22', 0),
(18, 1, 'New Degree created : 127.0.0.1', 'campus_manager', '2015-10-08 19:53:08', 0),
(19, 1, 'logged in from: 127.0.0.1', 'users', '2015-10-08 22:41:22', 0),
(20, 1, 'Created record with ID: 1 : 127.0.0.1', 'campus_manager', '2015-10-09 01:50:40', 0),
(21, 1, 'Created record with ID: 1 : 127.0.0.1', 'campus_manager', '2015-10-09 02:13:51', 0),
(22, 1, 'Created record with ID: 1 : 127.0.0.1', 'campus_manager', '2015-10-09 02:52:29', 0),
(23, 1, 'New Department created : 127.0.0.1', 'campus_manager', '2015-10-09 02:54:28', 0),
(24, 1, 'Updated record with ID: 1 : 127.0.0.1', 'campus_manager', '2015-10-09 04:19:58', 0),
(25, 1, 'logged in from: 127.0.0.1', 'users', '2015-10-09 14:45:04', 0),
(26, 1, 'Updated record with ID: 1 : 127.0.0.1', 'campus_manager', '2015-10-09 15:31:41', 0),
(27, 1, 'Updated record with ID: 1 : 127.0.0.1', 'campus_manager', '2015-10-09 15:33:54', 0),
(28, 1, 'Updated record with ID: 1 : 127.0.0.1', 'campus_manager', '2015-10-09 15:53:05', 0),
(29, 1, 'Updated record with ID: 1 : 127.0.0.1', 'campus_manager', '2015-10-09 15:53:11', 0),
(30, 1, 'Updated record with ID: 3 : 127.0.0.1', 'campus_manager', '2015-10-09 16:17:51', 0),
(31, 1, 'Updated record with ID: 3 : 127.0.0.1', 'campus_manager', '2015-10-09 16:18:02', 0),
(32, 1, 'Created Module: Courses : 127.0.0.1', 'modulebuilder', '2015-10-09 18:19:55', 0),
(33, 1, 'logged in from: 127.0.0.1', 'users', '2015-10-11 17:54:03', 0),
(34, 1, 'Migrate Type: courses_ to Version: 2 from: 127.0.0.1', 'migrations', '2015-10-11 18:29:37', 0),
(35, 1, 'Migration module: courses Version: 2 from: 127.0.0.1', 'migrations', '2015-10-11 18:29:37', 0),
(36, 1, 'logged in from: 127.0.0.1', 'users', '2015-10-12 18:06:15', 0),
(37, 1, 'New Faculty created : 127.0.0.1', 'campus_manager', '2015-10-12 18:06:33', 0),
(38, 1, 'logged in from: 127.0.0.1', 'users', '2015-10-12 20:41:49', 0),
(39, 1, 'FIXME(''campus_manager_act_edit_record''): 2 : 127.0.0.1', 'campus_manager', '2015-10-12 20:43:47', 0),
(40, 1, 'Updated record with ID: 3 : 127.0.0.1', 'campus_manager', '2015-10-12 22:59:50', 0),
(41, 1, 'Updated record with ID: 4 : 127.0.0.1', 'campus_manager', '2015-10-12 23:00:31', 0),
(42, 1, 'New Degree created : 127.0.0.1', 'campus_manager', '2015-10-12 23:00:46', 0),
(43, 1, 'Created record with ID: 1 : 127.0.0.1', 'courses', '2015-10-12 23:06:30', 0),
(44, 1, 'Created record with ID: 1 : 127.0.0.1', 'campus_manager', '2015-10-12 23:13:48', 0),
(45, 1, 'Updated record with ID: 4 : 127.0.0.1', 'courses', '2015-10-13 00:25:50', 0),
(46, 1, 'Updated record with ID: 5 : 127.0.0.1', 'courses', '2015-10-13 00:26:00', 0),
(47, 1, 'Created record with ID: 1 : 127.0.0.1', 'courses', '2015-10-13 03:52:00', 0),
(48, 1, 'Updated record with ID: 6 : 127.0.0.1', 'courses', '2015-10-13 04:25:44', 0),
(49, 1, 'Updated record with ID: 6 : 127.0.0.1', 'courses', '2015-10-13 04:26:58', 0),
(50, 1, 'Updated record with ID: 6 : 127.0.0.1', 'courses', '2015-10-13 04:33:52', 0),
(51, 1, 'logged in from: 127.0.0.1', 'users', '2015-10-13 16:47:13', 0),
(52, 1, 'logged in from: 127.0.0.1', 'users', '2015-10-14 04:20:09', 0),
(53, 1, 'Created record with ID: 1 : 127.0.0.1', 'courses', '2015-10-14 04:29:12', 0),
(54, 1, 'Updated record with ID: 1 : 127.0.0.1', 'courses', '2015-10-14 04:40:23', 0),
(55, 1, 'logged in from: 127.0.0.1', 'users', '2015-10-14 08:17:28', 0),
(56, 1, 'logged in from: 127.0.0.1', 'users', '2015-10-14 21:22:31', 0),
(57, 1, 'logged in from: 127.0.0.1', 'users', '2015-10-15 04:59:57', 0),
(58, 1, 'logged in from: 127.0.0.1', 'users', '2015-10-15 08:23:41', 0),
(59, 1, 'logged in from: 127.0.0.1', 'users', '2015-10-15 15:52:05', 0),
(60, 1, 'Updated record with ID: 1 : 127.0.0.1', 'courses', '2015-10-15 15:52:49', 0),
(61, 1, 'Updated record with ID: 1 : 127.0.0.1', 'courses', '2015-10-15 15:53:03', 0),
(62, 1, 'Created record with ID: 1 : 127.0.0.1', 'courses', '2015-10-15 16:06:56', 0),
(63, 1, 'Updated record with ID: 2 : 127.0.0.1', 'courses', '2015-10-15 16:07:12', 0),
(64, 1, 'Created record with ID: 1 : 127.0.0.1', 'courses', '2015-10-15 16:46:57', 0),
(65, 1, 'Updated record with ID: 1 : 127.0.0.1', 'courses', '2015-10-15 16:53:08', 0),
(66, 1, 'Updated record with ID: 1 : 127.0.0.1', 'courses', '2015-10-15 18:31:37', 0),
(67, 1, 'Created record with ID: 1 : 127.0.0.1', 'courses', '2015-10-15 20:10:46', 0),
(68, 1, 'Updated record with ID: 1 : 127.0.0.1', 'courses', '2015-10-15 20:41:42', 0),
(69, 1, 'logged in from: 127.0.0.1', 'users', '2015-10-16 04:06:18', 0),
(70, 1, 'Updated record with ID: 1 : 127.0.0.1', 'courses', '2015-10-16 04:23:03', 0),
(71, 1, 'logged in from: 127.0.0.1', 'users', '2015-10-16 14:01:58', 0),
(72, 1, 'logged in from: 127.0.0.1', 'users', '2015-10-16 16:39:46', 0),
(73, 1, 'logged in from: 127.0.0.1', 'users', '2015-10-16 19:00:51', 0),
(74, 1, 'logged in from: 127.0.0.1', 'users', '2015-10-17 04:14:16', 0),
(75, 1, 'logged in from: 127.0.0.1', 'users', '2015-10-17 04:32:45', 0),
(76, 1, 'logged in from: 127.0.0.1', 'users', '2015-10-17 09:26:33', 0),
(77, 1, 'logged in from: 127.0.0.1', 'users', '2015-10-17 15:20:12', 0),
(78, 1, 'logged in from: 127.0.0.1', 'users', '2015-10-18 04:42:45', 0),
(79, 1, 'logged in from: 127.0.0.1', 'users', '2015-10-18 13:50:45', 0),
(80, 1, 'logged in from: 127.0.0.1', 'users', '2015-10-18 18:34:08', 0),
(81, 1, 'logged in from: 127.0.0.1', 'users', '2015-10-19 04:55:58', 0),
(82, 1, 'logged in from: 127.0.0.1', 'users', '2015-10-19 08:05:40', 0),
(83, 1, 'logged in from: 127.0.0.1', 'users', '2015-10-19 10:09:16', 0),
(84, 1, 'logged in from: 127.0.0.1', 'users', '2015-10-19 19:02:52', 0),
(85, 1, 'logged in from: 127.0.0.1', 'users', '2015-10-20 22:03:58', 0),
(86, 1, 'logged in from: 127.0.0.1', 'users', '2015-10-21 08:48:53', 0),
(87, 1, 'logged in from: 127.0.0.1', 'users', '2015-10-21 20:28:30', 0),
(88, 1, 'logged in from: 127.0.0.1', 'users', '2015-10-22 04:44:10', 0),
(89, 1, 'logged in from: 127.0.0.1', 'users', '2015-10-23 21:55:45', 0),
(90, 1, 'updated their profile: admin', 'users', '2015-10-23 23:50:49', 0),
(91, 1, 'updated their profile: admin', 'users', '2015-10-23 23:56:58', 0),
(92, 1, 'updated their profile: admin', 'users', '2015-10-24 00:37:09', 0),
(93, 1, 'updated their profile: admin', 'users', '2015-10-24 00:39:56', 0),
(94, 1, 'updated their profile: admin', 'users', '2015-10-24 00:41:44', 0),
(95, 1, 'updated their profile: admin', 'users', '2015-10-24 00:45:13', 0),
(96, 1, 'updated their profile: admin', 'users', '2015-10-24 00:48:22', 0),
(97, 1, 'logged in from: 127.0.0.1', 'users', '2015-10-24 03:14:01', 0),
(98, 1, 'logged in from: 127.0.0.1', 'users', '2015-10-24 09:46:47', 0),
(99, 1, 'updated their profile: admin', 'users', '2015-10-24 10:00:10', 0),
(100, 1, 'updated their profile: admin', 'users', '2015-10-24 10:20:48', 0),
(101, 1, 'logged in from: 127.0.0.1', 'users', '2015-10-24 14:11:35', 0),
(102, 1, 'updated their profile: admin', 'users', '2015-10-24 14:25:55', 0),
(103, 1, 'Migrate Type: basic_settings_ to Version: 1 from: 127.0.0.1', 'migrations', '2015-10-24 16:19:18', 0),
(104, 1, 'Migration module: basic_settings Version: 1 from: 127.0.0.1', 'migrations', '2015-10-24 16:19:18', 0),
(105, 1, 'Migrate Type: basic_settings_ to Version: 1 from: 127.0.0.1', 'migrations', '2015-10-24 17:48:21', 0),
(106, 1, 'Migration module: basic_settings Version: 1 from: 127.0.0.1', 'migrations', '2015-10-24 17:48:21', 0),
(107, 1, 'logged in from: 127.0.0.1', 'users', '2015-10-24 20:04:38', 0),
(108, 1, 'Migrate Type: basic_settings_ to Version: 2 from: 127.0.0.1', 'migrations', '2015-10-24 20:08:42', 0),
(109, 1, 'Migration module: basic_settings Version: 2 from: 127.0.0.1', 'migrations', '2015-10-24 20:08:42', 0),
(110, 1, 'logged in from: 127.0.0.1', 'users', '2015-11-02 15:34:41', 0),
(111, 1, 'logged in from: 127.0.0.1', 'users', '2015-11-02 18:49:58', 0),
(112, 1, 'logged in from: 127.0.0.1', 'users', '2015-11-03 10:45:35', 0),
(113, 1, 'logged in from: 127.0.0.1', 'users', '2015-11-03 18:26:31', 0),
(114, 1, 'logged in from: 127.0.0.1', 'users', '2015-11-04 07:10:53', 0),
(115, 1, 'logged in from: 127.0.0.1', 'users', '2015-11-04 12:21:43', 0),
(116, 1, 'created a new User: keonfr', 'users', '2015-11-04 15:05:19', 0),
(117, 1, 'logged in from: 127.0.0.1', 'users', '2015-11-05 08:48:54', 0),
(118, 1, 'logged in from: 127.0.0.1', 'users', '2015-11-05 14:53:05', 0),
(119, 1, 'updated their profile: admin', 'users', '2015-11-05 15:02:50', 0),
(120, 1, 'updated their profile: admin', 'users', '2015-11-05 19:34:40', 0),
(121, 1, 'logged in from: 127.0.0.1', 'users', '2015-11-06 09:44:30', 0),
(122, 1, 'logged in from: 127.0.0.1', 'users', '2015-11-08 10:38:25', 0),
(123, 1, 'logged in from: 127.0.0.1', 'users', '2015-11-09 17:14:43', 0),
(124, 1, 'logged in from: 127.0.0.1', 'users', '2015-11-10 08:16:11', 0),
(125, 1, 'logged in from: 127.0.0.1', 'users', '2015-11-10 11:36:51', 0),
(126, 1, 'logged in from: 127.0.0.1', 'users', '2015-11-16 21:28:53', 0),
(127, 1, 'logged in from: 127.0.0.1', 'users', '2015-11-22 04:10:18', 0),
(128, 1, 'updated their profile: admin', 'users', '2015-11-22 04:10:57', 0),
(129, 1, 'logged in from: 127.0.0.1', 'users', '2015-11-23 09:53:21', 0),
(130, 1, 'logged in from: 127.0.0.1', 'users', '2015-11-23 13:47:24', 0),
(131, 1, 'logged in from: 127.0.0.1', 'users', '2015-11-23 16:30:27', 0),
(132, 1, 'Updated record with ID: 2 : 127.0.0.1', 'campus_manager', '2015-11-23 18:58:49', 0),
(133, 1, 'updated their profile: admin', 'users', '2015-11-23 21:05:57', 0),
(134, 1, 'logged in from: 127.0.0.1', 'users', '2015-11-24 07:29:39', 0),
(135, 1, 'logged in from: 127.0.0.1', 'users', '2015-11-24 18:48:22', 0),
(136, 1, 'updated their profile: admin', 'users', '2015-11-24 18:48:30', 0),
(137, 1, 'updated their profile: admin', 'users', '2015-11-24 22:37:35', 0),
(138, 1, 'updated their profile: admin', 'users', '2015-11-25 00:08:51', 0),
(139, 1, 'logged in from: 127.0.0.1', 'users', '2015-11-25 13:55:13', 0),
(140, 1, 'logged in from: 127.0.0.1', 'users', '2015-11-25 14:09:16', 0),
(141, 1, 'logged in from: 127.0.0.1', 'users', '2015-11-25 17:50:45', 0),
(142, 1, 'updated their profile: admin', 'users', '2015-11-25 19:25:55', 0),
(143, 1, 'logged in from: 127.0.0.1', 'users', '2015-11-25 23:55:09', 0),
(144, 1, 'updated their profile: admin', 'users', '2015-11-26 00:08:59', 0),
(145, 1, 'updated their profile: admin', 'users', '2015-11-26 00:10:13', 0),
(146, 1, 'logged in from: 127.0.0.1', 'users', '2015-11-28 11:36:06', 0),
(147, 1, 'logged in from: 127.0.0.1', 'users', '2015-11-28 22:31:46', 0),
(148, 1, 'Migrate Type: student_manager_ to Version: 2 from: 127.0.0.1', 'migrations', '2015-11-28 22:32:51', 0),
(149, 1, 'Migration module: student_manager Version: 2 from: 127.0.0.1', 'migrations', '2015-11-28 22:32:51', 0),
(150, 1, 'Migrate Type: student_manager_ Uninstalled Version: 0 from: 127.0.0.1', 'migrations', '2015-11-28 22:33:36', 0),
(151, 1, 'Migration module: student_manager Version: 0 from: 127.0.0.1', 'migrations', '2015-11-28 22:33:36', 0),
(152, 1, 'logged in from: 127.0.0.1', 'users', '2015-11-29 07:41:43', 0),
(153, 1, 'logged in from: 127.0.0.1', 'users', '2015-11-30 00:45:24', 0),
(154, 1, 'Migrate Type: student_manager_ to Version: 1 from: 127.0.0.1', 'migrations', '2015-11-30 02:52:25', 0),
(155, 1, 'Migration module: student_manager Version: 1 from: 127.0.0.1', 'migrations', '2015-11-30 02:52:25', 0),
(156, 1, 'Migrate Type: student_manager_ to Version: 2 from: 127.0.0.1', 'migrations', '2015-11-30 02:52:35', 0),
(157, 1, 'Migration module: student_manager Version: 2 from: 127.0.0.1', 'migrations', '2015-11-30 02:52:35', 0),
(158, 1, 'logged in from: 127.0.0.1', 'users', '2015-11-30 10:35:03', 0),
(159, 1, 'logged in from: 127.0.0.1', 'users', '2015-11-30 10:35:31', 0),
(160, 1, 'logged in from: 127.0.0.1', 'users', '2015-11-30 22:50:25', 0),
(161, 1, 'logged in from: 127.0.0.1', 'users', '2015-12-01 10:15:49', 0),
(162, 1, 'logged in from: 127.0.0.1', 'users', '2015-12-01 16:19:01', 0),
(163, 2, 'logged in from: 127.0.0.1', 'users', '2015-12-01 16:28:50', 0),
(164, 2, 'logged in from: 127.0.0.1', 'users', '2015-12-01 16:30:45', 0),
(165, 2, 'logged in from: 127.0.0.1', 'users', '2015-12-01 16:31:03', 0),
(166, 2, 'logged in from: 127.0.0.1', 'users', '2015-12-01 16:32:59', 0),
(167, 1, 'modified user: 214123', 'users', '2015-12-01 16:35:46', 0),
(168, 1, 'logged in from: 127.0.0.1', 'users', '2015-12-01 23:40:42', 0),
(169, 1, 'logged in from: 127.0.0.1', 'users', '2015-12-02 17:47:59', 0),
(170, 1, 'Student deleted : 127.0.0.1', 'student_manager', '2015-12-02 23:54:01', 0),
(171, 1, 'logged in from: 127.0.0.1', 'users', '2015-12-04 23:14:09', 0),
(172, 1, 'logged in from: 127.0.0.1', 'users', '2015-12-05 10:02:00', 0),
(173, 1, 'Student status changed : 127.0.0.1', 'student_manager', '2015-12-05 11:27:53', 0),
(174, 1, 'Student status changed : 127.0.0.1', 'student_manager', '2015-12-05 12:16:34', 0),
(175, 1, 'Student status changed : 127.0.0.1', 'student_manager', '2015-12-05 12:17:45', 0),
(176, 1, 'Student status changed : 127.0.0.1', 'student_manager', '2015-12-05 12:18:10', 0),
(177, 1, 'Student status changed : 127.0.0.1', 'student_manager', '2015-12-05 12:19:48', 0),
(178, 1, 'Student status changed : 127.0.0.1', 'student_manager', '2015-12-05 12:19:59', 0),
(179, 1, 'Student status changed : 127.0.0.1', 'student_manager', '2015-12-05 12:20:17', 0),
(180, 1, 'Student status changed : 127.0.0.1', 'student_manager', '2015-12-05 12:20:37', 0),
(181, 1, 'Student status changed : 127.0.0.1', 'student_manager', '2015-12-05 12:20:57', 0),
(182, 1, 'Student status changed : 127.0.0.1', 'student_manager', '2015-12-05 12:21:06', 0),
(183, 1, 'Student status changed : 127.0.0.1', 'student_manager', '2015-12-05 12:21:29', 0),
(184, 1, 'Student status changed : 127.0.0.1', 'student_manager', '2015-12-05 12:22:46', 0),
(185, 1, 'Student status changed : 127.0.0.1', 'student_manager', '2015-12-05 12:32:00', 0),
(186, 1, 'Student status changed : 127.0.0.1', 'student_manager', '2015-12-05 12:32:34', 0),
(187, 1, 'Student status changed : 127.0.0.1', 'student_manager', '2015-12-05 12:33:45', 0),
(188, 1, 'Student status changed : 127.0.0.1', 'student_manager', '2015-12-05 12:34:57', 0),
(189, 1, 'Student status changed : 127.0.0.1', 'student_manager', '2015-12-05 12:35:02', 0),
(190, 1, 'Student status changed : 127.0.0.1', 'student_manager', '2015-12-05 12:35:50', 0),
(191, 1, 'Student status changed : 127.0.0.1', 'student_manager', '2015-12-05 12:36:29', 0),
(192, 1, 'Student status changed : 127.0.0.1', 'student_manager', '2015-12-05 12:37:28', 0),
(193, 1, 'Student status changed : 127.0.0.1', 'student_manager', '2015-12-05 12:37:37', 0),
(194, 1, 'Student status changed : 127.0.0.1', 'student_manager', '2015-12-05 12:37:47', 0),
(195, 1, 'Student status changed : 127.0.0.1', 'student_manager', '2015-12-05 12:41:51', 0),
(196, 1, 'Student status changed : 127.0.0.1', 'student_manager', '2015-12-05 12:41:57', 0),
(197, 1, 'Student deleted : 127.0.0.1', 'student_manager', '2015-12-05 13:55:22', 0),
(198, 1, 'Student status changed : 127.0.0.1', 'student_manager', '2015-12-05 16:24:55', 0),
(199, 1, 'Student status changed : 127.0.0.1', 'student_manager', '2015-12-05 16:25:07', 0),
(200, 1, 'logged in from: 127.0.0.1', 'users', '2015-12-22 08:33:56', 0),
(201, 1, 'logged in from: 127.0.0.1', 'users', '2015-12-22 13:58:42', 0),
(202, 1, 'Student status changed : 127.0.0.1', 'student_manager', '2015-12-22 13:59:35', 0),
(203, 1, 'Student status changed : 127.0.0.1', 'student_manager', '2015-12-22 13:59:43', 0),
(204, 1, 'Student status changed : 127.0.0.1', 'student_manager', '2015-12-22 13:59:47', 0),
(205, 1, 'Student status changed : 127.0.0.1', 'student_manager', '2015-12-22 14:00:50', 0),
(206, 1, 'Student status changed : 127.0.0.1', 'student_manager', '2015-12-22 14:00:56', 0),
(207, 1, 'Student status changed : 127.0.0.1', 'student_manager', '2015-12-22 14:01:02', 0),
(208, 1, 'logged in from: 127.0.0.1', 'users', '2015-12-23 01:33:36', 0),
(209, 1, 'Student status changed : 127.0.0.1', 'student_manager', '2015-12-23 06:01:05', 0),
(210, 1, 'Student status changed : 127.0.0.1', 'student_manager', '2015-12-23 06:01:09', 0),
(211, 1, 'Student status changed : 127.0.0.1', 'student_manager', '2015-12-23 06:01:13', 0),
(212, 1, 'Student status changed : 127.0.0.1', 'student_manager', '2015-12-23 06:01:18', 0),
(213, 1, 'logged in from: 127.0.0.1', 'users', '2016-03-09 13:51:16', 0);

-- --------------------------------------------------------

--
-- Table structure for table `bf_ci3_sessions`
--

CREATE TABLE IF NOT EXISTS `bf_ci3_sessions` (
  `id` varchar(40) NOT NULL,
  `ip_address` varchar(45) NOT NULL,
  `timestamp` int(10) unsigned NOT NULL DEFAULT '0',
  `data` blob NOT NULL,
  PRIMARY KEY (`id`)
) ENGINE=MyISAM DEFAULT CHARSET=utf8;

--
-- Dumping data for table `bf_ci3_sessions`
--

INSERT INTO `bf_ci3_sessions` (`id`, `ip_address`, `timestamp`, `data`) VALUES
('c6eeaf3f615797b792c1a266c1e9cfa1f09568f1', '127.0.0.1', 1449276137, 0x5f5f63695f6c6173745f726567656e65726174657c693a313434393237363132373b7265717565737465645f706167657c733a34353a22687474703a2f2f707261732e6465762f61646d696e2f636f6e74656e742f73747564656e745f6d616e61676572223b757365725f69647c733a313a2231223b617574685f637573746f6d7c733a353a2261646d696e223b757365725f746f6b656e7c733a34303a2266363134653831353239383937666164323635383935333038323434346663366466303436613863223b6964656e746974797c733a353a2261646d696e223b726f6c655f69647c733a313a2231223b6c6f676765645f696e7c623a313b6c616e67756167657c733a373a22656e676c697368223b70726576696f75735f706167657c733a34353a22687474703a2f2f707261732e6465762f61646d696e2f636f6e74656e742f73747564656e745f6d616e61676572223b),
('eb40d82b2780405c6f4220649f6111c13d29ad1b', '127.0.0.1', 1449309831, 0x5f5f63695f6c6173745f726567656e65726174657c693a313434393330393731373b7265717565737465645f706167657c733a34353a22687474703a2f2f707261732e6465762f61646d696e2f636f6e74656e742f73747564656e745f6d616e61676572223b757365725f69647c733a313a2231223b617574685f637573746f6d7c733a353a2261646d696e223b757365725f746f6b656e7c733a34303a2266363134653831353239383937666164323635383935333038323434346663366466303436613863223b6964656e746974797c733a353a2261646d696e223b726f6c655f69647c733a313a2231223b6c6f676765645f696e7c623a313b6c616e67756167657c733a373a22656e676c697368223b70726576696f75735f706167657c733a34353a22687474703a2f2f707261732e6465762f61646d696e2f636f6e74656e742f73747564656e745f6d616e61676572223b6d6573736167657c733a303a22223b5f5f63695f766172737c613a313a7b733a373a226d657373616765223b733a333a226e6577223b7d),
('e4448c3ca028837cba8789f48210b085d9859a95', '127.0.0.1', 1449270955, 0x5f5f63695f6c6173745f726567656e65726174657c693a313434393237303830373b7265717565737465645f706167657c733a34353a22687474703a2f2f707261732e6465762f61646d696e2f636f6e74656e742f73747564656e745f6d616e61676572223b757365725f69647c733a313a2231223b617574685f637573746f6d7c733a353a2261646d696e223b757365725f746f6b656e7c733a34303a2266363134653831353239383937666164323635383935333038323434346663366466303436613863223b6964656e746974797c733a353a2261646d696e223b726f6c655f69647c733a313a2231223b6c6f676765645f696e7c623a313b6c616e67756167657c733a373a22656e676c697368223b70726576696f75735f706167657c733a34353a22687474703a2f2f707261732e6465762f61646d696e2f636f6e74656e742f73747564656e745f6d616e61676572223b6d6573736167657c733a303a22223b5f5f63695f766172737c613a313a7b733a373a226d657373616765223b733a333a226e6577223b7d),
('bffe9b993d9683f95850e118f05d9975f47d3abe', '127.0.0.1', 1449310577, 0x5f5f63695f6c6173745f726567656e65726174657c693a313434393331303536353b7265717565737465645f706167657c733a34353a22687474703a2f2f707261732e6465762f61646d696e2f636f6e74656e742f73747564656e745f6d616e61676572223b757365725f69647c733a313a2231223b617574685f637573746f6d7c733a353a2261646d696e223b757365725f746f6b656e7c733a34303a2266363134653831353239383937666164323635383935333038323434346663366466303436613863223b6964656e746974797c733a353a2261646d696e223b726f6c655f69647c733a313a2231223b6c6f676765645f696e7c623a313b6c616e67756167657c733a373a22656e676c697368223b70726576696f75735f706167657c733a34353a22687474703a2f2f707261732e6465762f61646d696e2f636f6e74656e742f73747564656e745f6d616e61676572223b6d6573736167657c733a303a22223b5f5f63695f766172737c613a313a7b733a373a226d657373616765223b733a333a226e6577223b7d),
('51c2378d39c2147d1705a8b46502c07e4e28a542', '127.0.0.1', 1449315009, 0x5f5f63695f6c6173745f726567656e65726174657c693a313434393331343836383b7265717565737465645f706167657c733a34353a22687474703a2f2f707261732e6465762f61646d696e2f636f6e74656e742f73747564656e745f6d616e61676572223b757365725f69647c733a313a2231223b617574685f637573746f6d7c733a353a2261646d696e223b757365725f746f6b656e7c733a34303a2266363134653831353239383937666164323635383935333038323434346663366466303436613863223b6964656e746974797c733a353a2261646d696e223b726f6c655f69647c733a313a2231223b6c6f676765645f696e7c623a313b6c616e67756167657c733a373a22656e676c697368223b70726576696f75735f706167657c733a34353a22687474703a2f2f707261732e6465762f61646d696e2f636f6e74656e742f73747564656e745f6d616e61676572223b6d6573736167657c733a303a22223b5f5f63695f766172737c613a313a7b733a373a226d657373616765223b733a333a226f6c64223b7d),
('e5031f216a620d8cac6ea5f3f0ef9a8076f81585', '127.0.0.1', 1449315074, 0x5f5f63695f6c6173745f726567656e65726174657c693a313434393331353037343b7265717565737465645f706167657c733a34353a22687474703a2f2f707261732e6465762f61646d696e2f636f6e74656e742f73747564656e745f6d616e61676572223b6d6573736167657c733a34373a226572726f723a3a596f75206d757374206265206c6f6767656420696e20746f2076696577207468617420706167652e223b5f5f63695f766172737c613a313a7b733a373a226d657373616765223b733a333a226e6577223b7d),
('b75c0be3c24996c894f29dfd8c6b63066fb250a6', '127.0.0.1', 1449315075, 0x5f5f63695f6c6173745f726567656e65726174657c693a313434393331353037353b),
('f1d2209b924e2e8e6d895db7832a86a22e11bc91', '127.0.0.1', 1449316074, 0x5f5f63695f6c6173745f726567656e65726174657c693a313434393331353833393b7265717565737465645f706167657c733a34353a22687474703a2f2f707261732e6465762f61646d696e2f636f6e74656e742f73747564656e745f6d616e61676572223b757365725f69647c733a313a2231223b617574685f637573746f6d7c733a353a2261646d696e223b757365725f746f6b656e7c733a34303a2266363134653831353239383937666164323635383935333038323434346663366466303436613863223b6964656e746974797c733a353a2261646d696e223b726f6c655f69647c733a313a2231223b6c6f676765645f696e7c623a313b6c616e67756167657c733a373a22656e676c697368223b70726576696f75735f706167657c733a34353a22687474703a2f2f707261732e6465762f61646d696e2f636f6e74656e742f73747564656e745f6d616e61676572223b6d6573736167657c733a303a22223b5f5f63695f766172737c613a313a7b733a373a226d657373616765223b733a333a226e6577223b7d),
('ac6aead977c41985854f83137fc10db95918180f', '127.0.0.1', 1449318089, 0x5f5f63695f6c6173745f726567656e65726174657c693a313434393331373739303b7265717565737465645f706167657c733a34353a22687474703a2f2f707261732e6465762f61646d696e2f636f6e74656e742f73747564656e745f6d616e61676572223b757365725f69647c733a313a2231223b617574685f637573746f6d7c733a353a2261646d696e223b757365725f746f6b656e7c733a34303a2266363134653831353239383937666164323635383935333038323434346663366466303436613863223b6964656e746974797c733a353a2261646d696e223b726f6c655f69647c733a313a2231223b6c6f676765645f696e7c623a313b6c616e67756167657c733a373a22656e676c697368223b70726576696f75735f706167657c733a34353a22687474703a2f2f707261732e6465762f61646d696e2f636f6e74656e742f73747564656e745f6d616e61676572223b6d6573736167657c733a303a22223b5f5f63695f766172737c613a313a7b733a373a226d657373616765223b733a333a226e6577223b7d),
('59eec14ce104e215e76b1aee2f9ac264997e27d3', '127.0.0.1', 1449318395, 0x5f5f63695f6c6173745f726567656e65726174657c693a313434393331383136323b7265717565737465645f706167657c733a34353a22687474703a2f2f707261732e6465762f61646d696e2f636f6e74656e742f73747564656e745f6d616e61676572223b757365725f69647c733a313a2231223b617574685f637573746f6d7c733a353a2261646d696e223b757365725f746f6b656e7c733a34303a2266363134653831353239383937666164323635383935333038323434346663366466303436613863223b6964656e746974797c733a353a2261646d696e223b726f6c655f69647c733a313a2231223b6c6f676765645f696e7c623a313b6c616e67756167657c733a373a22656e676c697368223b70726576696f75735f706167657c733a34353a22687474703a2f2f707261732e6465762f61646d696e2f636f6e74656e742f73747564656e745f6d616e61676572223b6d6573736167657c733a303a22223b5f5f63695f766172737c613a313a7b733a373a226d657373616765223b733a333a226e6577223b7d),
('6efc0d9db3b5923bdbe48f3ead9c372043aa5ffb', '127.0.0.1', 1449318989, 0x5f5f63695f6c6173745f726567656e65726174657c693a313434393331383732303b7265717565737465645f706167657c733a34353a22687474703a2f2f707261732e6465762f61646d696e2f636f6e74656e742f73747564656e745f6d616e61676572223b757365725f69647c733a313a2231223b617574685f637573746f6d7c733a353a2261646d696e223b757365725f746f6b656e7c733a34303a2266363134653831353239383937666164323635383935333038323434346663366466303436613863223b6964656e746974797c733a353a2261646d696e223b726f6c655f69647c733a313a2231223b6c6f676765645f696e7c623a313b6c616e67756167657c733a373a22656e676c697368223b70726576696f75735f706167657c733a34353a22687474703a2f2f707261732e6465762f61646d696e2f636f6e74656e742f73747564656e745f6d616e61676572223b6d6573736167657c733a303a22223b5f5f63695f766172737c613a313a7b733a373a226d657373616765223b733a333a226e6577223b7d),
('8ff35579f62162d5fb1d895099e1c3d4c3385373', '127.0.0.1', 1449319317, 0x5f5f63695f6c6173745f726567656e65726174657c693a313434393331393034383b7265717565737465645f706167657c733a34353a22687474703a2f2f707261732e6465762f61646d696e2f636f6e74656e742f73747564656e745f6d616e61676572223b757365725f69647c733a313a2231223b617574685f637573746f6d7c733a353a2261646d696e223b757365725f746f6b656e7c733a34303a2266363134653831353239383937666164323635383935333038323434346663366466303436613863223b6964656e746974797c733a353a2261646d696e223b726f6c655f69647c733a313a2231223b6c6f676765645f696e7c623a313b6c616e67756167657c733a373a22656e676c697368223b70726576696f75735f706167657c733a34353a22687474703a2f2f707261732e6465762f61646d696e2f636f6e74656e742f73747564656e745f6d616e61676572223b6d6573736167657c733a303a22223b5f5f63695f766172737c613a313a7b733a373a226d657373616765223b733a333a226e6577223b7d),
('47c944f3ee6850f32b1f95fffc862731c1e189fc', '127.0.0.1', 1449320080, 0x5f5f63695f6c6173745f726567656e65726174657c693a313434393331393832393b7265717565737465645f706167657c733a34353a22687474703a2f2f707261732e6465762f61646d696e2f636f6e74656e742f73747564656e745f6d616e61676572223b757365725f69647c733a313a2231223b617574685f637573746f6d7c733a353a2261646d696e223b757365725f746f6b656e7c733a34303a2266363134653831353239383937666164323635383935333038323434346663366466303436613863223b6964656e746974797c733a353a2261646d696e223b726f6c655f69647c733a313a2231223b6c6f676765645f696e7c623a313b6c616e67756167657c733a373a22656e676c697368223b70726576696f75735f706167657c733a34353a22687474703a2f2f707261732e6465762f61646d696e2f636f6e74656e742f73747564656e745f6d616e61676572223b6d6573736167657c733a303a22223b5f5f63695f766172737c613a313a7b733a373a226d657373616765223b733a333a226f6c64223b7d),
('8db8826c5d976250c67efbf7a7e8fc9b5535b197', '127.0.0.1', 1449320776, 0x5f5f63695f6c6173745f726567656e65726174657c693a313434393332303733383b7265717565737465645f706167657c733a34353a22687474703a2f2f707261732e6465762f61646d696e2f636f6e74656e742f73747564656e745f6d616e61676572223b757365725f69647c733a313a2231223b617574685f637573746f6d7c733a353a2261646d696e223b757365725f746f6b656e7c733a34303a2266363134653831353239383937666164323635383935333038323434346663366466303436613863223b6964656e746974797c733a353a2261646d696e223b726f6c655f69647c733a313a2231223b6c6f676765645f696e7c623a313b6c616e67756167657c733a373a22656e676c697368223b70726576696f75735f706167657c733a34353a22687474703a2f2f707261732e6465762f61646d696e2f636f6e74656e742f73747564656e745f6d616e61676572223b),
('15ece916856268b2154e3a42b1c7c48924bb78fe', '127.0.0.1', 1449323723, 0x5f5f63695f6c6173745f726567656e65726174657c693a313434393332333630313b7265717565737465645f706167657c733a34353a22687474703a2f2f707261732e6465762f61646d696e2f636f6e74656e742f73747564656e745f6d616e61676572223b757365725f69647c733a313a2231223b617574685f637573746f6d7c733a353a2261646d696e223b757365725f746f6b656e7c733a34303a2266363134653831353239383937666164323635383935333038323434346663366466303436613863223b6964656e746974797c733a353a2261646d696e223b726f6c655f69647c733a313a2231223b6c6f676765645f696e7c623a313b6c616e67756167657c733a373a22656e676c697368223b70726576696f75735f706167657c733a34353a22687474703a2f2f707261732e6465762f61646d696e2f636f6e74656e742f73747564656e745f6d616e61676572223b6d6573736167657c733a303a22223b5f5f63695f766172737c613a313a7b733a373a226d657373616765223b733a333a226e6577223b7d),
('0bb76557ed082dad9cfa62c40753cd64b875fee0', '127.0.0.1', 1449324667, 0x5f5f63695f6c6173745f726567656e65726174657c693a313434393332343635373b7265717565737465645f706167657c733a34353a22687474703a2f2f707261732e6465762f61646d696e2f636f6e74656e742f73747564656e745f6d616e61676572223b757365725f69647c733a313a2231223b617574685f637573746f6d7c733a353a2261646d696e223b757365725f746f6b656e7c733a34303a2266363134653831353239383937666164323635383935333038323434346663366466303436613863223b6964656e746974797c733a353a2261646d696e223b726f6c655f69647c733a313a2231223b6c6f676765645f696e7c623a313b6c616e67756167657c733a373a22656e676c697368223b70726576696f75735f706167657c733a34353a22687474703a2f2f707261732e6465762f61646d696e2f636f6e74656e742f73747564656e745f6d616e61676572223b),
('b064f06a9d08c2674dcf62c12f393486437c65c7', '127.0.0.1', 1449325892, 0x5f5f63695f6c6173745f726567656e65726174657c693a313434393332353630373b7265717565737465645f706167657c733a34353a22687474703a2f2f707261732e6465762f61646d696e2f636f6e74656e742f73747564656e745f6d616e61676572223b757365725f69647c733a313a2231223b617574685f637573746f6d7c733a353a2261646d696e223b757365725f746f6b656e7c733a34303a2266363134653831353239383937666164323635383935333038323434346663366466303436613863223b6964656e746974797c733a353a2261646d696e223b726f6c655f69647c733a313a2231223b6c6f676765645f696e7c623a313b6c616e67756167657c733a373a22656e676c697368223b70726576696f75735f706167657c733a34353a22687474703a2f2f707261732e6465762f61646d696e2f636f6e74656e742f73747564656e745f6d616e61676572223b),
('f09abef692ac23f7b433ccb2851feb2a99c38d3f', '127.0.0.1', 1449325910, 0x5f5f63695f6c6173745f726567656e65726174657c693a313434393332353931303b7265717565737465645f706167657c733a34353a22687474703a2f2f707261732e6465762f61646d696e2f636f6e74656e742f73747564656e745f6d616e61676572223b757365725f69647c733a313a2231223b617574685f637573746f6d7c733a353a2261646d696e223b757365725f746f6b656e7c733a34303a2266363134653831353239383937666164323635383935333038323434346663366466303436613863223b6964656e746974797c733a353a2261646d696e223b726f6c655f69647c733a313a2231223b6c6f676765645f696e7c623a313b6c616e67756167657c733a373a22656e676c697368223b70726576696f75735f706167657c733a34353a22687474703a2f2f707261732e6465762f61646d696e2f636f6e74656e742f73747564656e745f6d616e61676572223b),
('7a9d9915c8a3e4fab7ca3b76b12a7870f2c4251d', '127.0.0.1', 1449326776, 0x5f5f63695f6c6173745f726567656e65726174657c693a313434393332363631343b7265717565737465645f706167657c733a34353a22687474703a2f2f707261732e6465762f61646d696e2f636f6e74656e742f73747564656e745f6d616e61676572223b757365725f69647c733a313a2231223b617574685f637573746f6d7c733a353a2261646d696e223b757365725f746f6b656e7c733a34303a2266363134653831353239383937666164323635383935333038323434346663366466303436613863223b6964656e746974797c733a353a2261646d696e223b726f6c655f69647c733a313a2231223b6c6f676765645f696e7c623a313b6c616e67756167657c733a373a22656e676c697368223b70726576696f75735f706167657c733a34353a22687474703a2f2f707261732e6465762f61646d696e2f636f6e74656e742f73747564656e745f6d616e61676572223b),
('7d30efa6701794a64e97de9dc94b4b4dc7e93a00', '127.0.0.1', 1449327229, 0x5f5f63695f6c6173745f726567656e65726174657c693a313434393332373232343b7265717565737465645f706167657c733a34353a22687474703a2f2f707261732e6465762f61646d696e2f636f6e74656e742f73747564656e745f6d616e61676572223b757365725f69647c733a313a2231223b617574685f637573746f6d7c733a353a2261646d696e223b757365725f746f6b656e7c733a34303a2266363134653831353239383937666164323635383935333038323434346663366466303436613863223b6964656e746974797c733a353a2261646d696e223b726f6c655f69647c733a313a2231223b6c6f676765645f696e7c623a313b6c616e67756167657c733a373a22656e676c697368223b70726576696f75735f706167657c733a34353a22687474703a2f2f707261732e6465762f61646d696e2f636f6e74656e742f73747564656e745f6d616e61676572223b),
('759b530bb10839297a506a56797b01487dc37609', '127.0.0.1', 1449327843, 0x5f5f63695f6c6173745f726567656e65726174657c693a313434393332373538303b7265717565737465645f706167657c733a34353a22687474703a2f2f707261732e6465762f61646d696e2f636f6e74656e742f73747564656e745f6d616e61676572223b757365725f69647c733a313a2231223b617574685f637573746f6d7c733a353a2261646d696e223b757365725f746f6b656e7c733a34303a2266363134653831353239383937666164323635383935333038323434346663366466303436613863223b6964656e746974797c733a353a2261646d696e223b726f6c655f69647c733a313a2231223b6c6f676765645f696e7c623a313b6c616e67756167657c733a373a22656e676c697368223b70726576696f75735f706167657c733a34353a22687474703a2f2f707261732e6465762f61646d696e2f636f6e74656e742f73747564656e745f6d616e61676572223b),
('cb6c143d5e8c8480d0a9a13152aee0fe178e135c', '127.0.0.1', 1449328403, 0x5f5f63695f6c6173745f726567656e65726174657c693a313434393332383130383b7265717565737465645f706167657c733a34353a22687474703a2f2f707261732e6465762f61646d696e2f636f6e74656e742f73747564656e745f6d616e61676572223b757365725f69647c733a313a2231223b617574685f637573746f6d7c733a353a2261646d696e223b757365725f746f6b656e7c733a34303a2266363134653831353239383937666164323635383935333038323434346663366466303436613863223b6964656e746974797c733a353a2261646d696e223b726f6c655f69647c733a313a2231223b6c6f676765645f696e7c623a313b6c616e67756167657c733a373a22656e676c697368223b70726576696f75735f706167657c733a34353a22687474703a2f2f707261732e6465762f61646d696e2f636f6e74656e742f73747564656e745f6d616e61676572223b),
('562a0d4d7e54afcf5feff6559498a19c17576e89', '127.0.0.1', 1449328818, 0x5f5f63695f6c6173745f726567656e65726174657c693a313434393332383537343b7265717565737465645f706167657c733a34353a22687474703a2f2f707261732e6465762f61646d696e2f636f6e74656e742f73747564656e745f6d616e61676572223b757365725f69647c733a313a2231223b617574685f637573746f6d7c733a353a2261646d696e223b757365725f746f6b656e7c733a34303a2266363134653831353239383937666164323635383935333038323434346663366466303436613863223b6964656e746974797c733a353a2261646d696e223b726f6c655f69647c733a313a2231223b6c6f676765645f696e7c623a313b6c616e67756167657c733a373a22656e676c697368223b70726576696f75735f706167657c733a34353a22687474703a2f2f707261732e6465762f61646d696e2f636f6e74656e742f73747564656e745f6d616e61676572223b),
('1a83fa1aaea7e27bc700c6ca32d92a2bf33bf57e', '127.0.0.1', 1449329294, 0x5f5f63695f6c6173745f726567656e65726174657c693a313434393332393230333b7265717565737465645f706167657c733a34353a22687474703a2f2f707261732e6465762f61646d696e2f636f6e74656e742f73747564656e745f6d616e61676572223b757365725f69647c733a313a2231223b617574685f637573746f6d7c733a353a2261646d696e223b757365725f746f6b656e7c733a34303a2266363134653831353239383937666164323635383935333038323434346663366466303436613863223b6964656e746974797c733a353a2261646d696e223b726f6c655f69647c733a313a2231223b6c6f676765645f696e7c623a313b6c616e67756167657c733a373a22656e676c697368223b70726576696f75735f706167657c733a34353a22687474703a2f2f707261732e6465762f61646d696e2f636f6e74656e742f73747564656e745f6d616e61676572223b),
('818424a003bd891f9f9dc046a9e2c513950b90b9', '127.0.0.1', 1449330309, 0x5f5f63695f6c6173745f726567656e65726174657c693a313434393333303239363b7265717565737465645f706167657c733a34353a22687474703a2f2f707261732e6465762f61646d696e2f636f6e74656e742f73747564656e745f6d616e61676572223b757365725f69647c733a313a2231223b617574685f637573746f6d7c733a353a2261646d696e223b757365725f746f6b656e7c733a34303a2266363134653831353239383937666164323635383935333038323434346663366466303436613863223b6964656e746974797c733a353a2261646d696e223b726f6c655f69647c733a313a2231223b6c6f676765645f696e7c623a313b6c616e67756167657c733a373a22656e676c697368223b70726576696f75735f706167657c733a34353a22687474703a2f2f707261732e6465762f61646d696e2f636f6e74656e742f73747564656e745f6d616e61676572223b),
('47ebde049e4a20db07a65778a6bdcfcd90e1bf79', '127.0.0.1', 1449331209, 0x5f5f63695f6c6173745f726567656e65726174657c693a313434393333303939393b7265717565737465645f706167657c733a34353a22687474703a2f2f707261732e6465762f61646d696e2f636f6e74656e742f73747564656e745f6d616e61676572223b757365725f69647c733a313a2231223b617574685f637573746f6d7c733a353a2261646d696e223b757365725f746f6b656e7c733a34303a2266363134653831353239383937666164323635383935333038323434346663366466303436613863223b6964656e746974797c733a353a2261646d696e223b726f6c655f69647c733a313a2231223b6c6f676765645f696e7c623a313b6c616e67756167657c733a373a22656e676c697368223b70726576696f75735f706167657c733a34353a22687474703a2f2f707261732e6465762f61646d696e2f636f6e74656e742f73747564656e745f6d616e61676572223b),
('382e1807d9713a7b8bc128b4ae422caa026ff4ac', '127.0.0.1', 1449331799, 0x5f5f63695f6c6173745f726567656e65726174657c693a313434393333313633303b7265717565737465645f706167657c733a34353a22687474703a2f2f707261732e6465762f61646d696e2f636f6e74656e742f73747564656e745f6d616e61676572223b757365725f69647c733a313a2231223b617574685f637573746f6d7c733a353a2261646d696e223b757365725f746f6b656e7c733a34303a2266363134653831353239383937666164323635383935333038323434346663366466303436613863223b6964656e746974797c733a353a2261646d696e223b726f6c655f69647c733a313a2231223b6c6f676765645f696e7c623a313b6c616e67756167657c733a373a22656e676c697368223b70726576696f75735f706167657c733a34353a22687474703a2f2f707261732e6465762f61646d696e2f636f6e74656e742f73747564656e745f6d616e61676572223b),
('7ae09f542ee42e4cf0e0406076ea9a365e215d98', '127.0.0.1', 1449332714, 0x5f5f63695f6c6173745f726567656e65726174657c693a313434393333323435393b7265717565737465645f706167657c733a34353a22687474703a2f2f707261732e6465762f61646d696e2f636f6e74656e742f73747564656e745f6d616e61676572223b757365725f69647c733a313a2231223b617574685f637573746f6d7c733a353a2261646d696e223b757365725f746f6b656e7c733a34303a2266363134653831353239383937666164323635383935333038323434346663366466303436613863223b6964656e746974797c733a353a2261646d696e223b726f6c655f69647c733a313a2231223b6c6f676765645f696e7c623a313b6c616e67756167657c733a373a22656e676c697368223b70726576696f75735f706167657c733a34353a22687474703a2f2f707261732e6465762f61646d696e2f636f6e74656e742f73747564656e745f6d616e61676572223b6d6573736167657c733a303a22223b5f5f63695f766172737c613a313a7b733a373a226d657373616765223b733a333a226f6c64223b7d),
('967593404271c54af9fe83fd08c6b38a47ec13e7', '127.0.0.1', 1449332878, 0x5f5f63695f6c6173745f726567656e65726174657c693a313434393333323834373b7265717565737465645f706167657c733a34353a22687474703a2f2f707261732e6465762f61646d696e2f636f6e74656e742f73747564656e745f6d616e61676572223b757365725f69647c733a313a2231223b617574685f637573746f6d7c733a353a2261646d696e223b757365725f746f6b656e7c733a34303a2266363134653831353239383937666164323635383935333038323434346663366466303436613863223b6964656e746974797c733a353a2261646d696e223b726f6c655f69647c733a313a2231223b6c6f676765645f696e7c623a313b6c616e67756167657c733a373a22656e676c697368223b70726576696f75735f706167657c733a34353a22687474703a2f2f707261732e6465762f61646d696e2f636f6e74656e742f73747564656e745f6d616e61676572223b),
('ff487fb8e171e2c812a23ec28d447ae954c33f2e', '127.0.0.1', 1449333370, 0x5f5f63695f6c6173745f726567656e65726174657c693a313434393333333335353b7265717565737465645f706167657c733a32393a22687474703a2f2f707261732e6465762f61646d696e2f636f6e74656e74223b757365725f69647c733a313a2231223b617574685f637573746f6d7c733a353a2261646d696e223b757365725f746f6b656e7c733a34303a2266363134653831353239383937666164323635383935333038323434346663366466303436613863223b6964656e746974797c733a353a2261646d696e223b726f6c655f69647c733a313a2231223b6c6f676765645f696e7c623a313b6c616e67756167657c733a373a22656e676c697368223b70726576696f75735f706167657c733a32393a22687474703a2f2f707261732e6465762f61646d696e2f636f6e74656e74223b),
('77ba62379a60f2eaf19589732104e7a1f7d66968', '127.0.0.1', 1450086148, 0x5f5f63695f6c6173745f726567656e65726174657c693a313435303038353932343b7265717565737465645f706167657c733a31363a22687474703a2f2f707261732e6465762f223b70726576696f75735f706167657c733a31363a22687474703a2f2f707261732e6465762f223b),
('8cf9a1638108fb467d2251e1638f789b9a8337f8', '127.0.0.1', 1450255792, 0x5f5f63695f6c6173745f726567656e65726174657c693a313435303235353739303b7265717565737465645f706167657c733a31363a22687474703a2f2f707261732e6465762f223b70726576696f75735f706167657c733a31363a22687474703a2f2f707261732e6465762f223b),
('f8f34cf863007475f12383dd6cf132a645f9a843', '127.0.0.1', 1450355718, 0x5f5f63695f6c6173745f726567656e65726174657c693a313435303335353731373b7265717565737465645f706167657c733a31363a22687474703a2f2f707261732e6465762f223b70726576696f75735f706167657c733a31363a22687474703a2f2f707261732e6465762f223b),
('1fbca78bbe412ccbc591c237bb256059c1a6c8b6', '127.0.0.1', 1450773238, 0x5f5f63695f6c6173745f726567656e65726174657c693a313435303737333232333b7265717565737465645f706167657c733a32393a22687474703a2f2f707261732e6465762f75736572732f70726f66696c65223b70726576696f75735f706167657c733a32393a22687474703a2f2f707261732e6465762f75736572732f70726f66696c65223b757365725f69647c733a313a2231223b617574685f637573746f6d7c733a353a2261646d696e223b757365725f746f6b656e7c733a34303a2266363134653831353239383937666164323635383935333038323434346663366466303436613863223b6964656e746974797c733a353a2261646d696e223b726f6c655f69647c733a313a2231223b6c6f676765645f696e7c623a313b6c616e67756167657c733a373a22656e676c697368223b),
('6a9a87600434698ceff8f49817b6d3a33bafbf6e', '127.0.0.1', 1450792862, 0x5f5f63695f6c6173745f726567656e65726174657c693a313435303739323731393b7265717565737465645f706167657c733a34353a22687474703a2f2f707261732e6465762f61646d696e2f636f6e74656e742f73747564656e745f6d616e61676572223b757365725f69647c733a313a2231223b617574685f637573746f6d7c733a353a2261646d696e223b757365725f746f6b656e7c733a34303a2266363134653831353239383937666164323635383935333038323434346663366466303436613863223b6964656e746974797c733a353a2261646d696e223b726f6c655f69647c733a313a2231223b6c6f676765645f696e7c623a313b6c616e67756167657c733a373a22656e676c697368223b70726576696f75735f706167657c733a34353a22687474703a2f2f707261732e6465762f61646d696e2f636f6e74656e742f73747564656e745f6d616e61676572223b6d6573736167657c733a303a22223b5f5f63695f766172737c613a313a7b733a373a226d657373616765223b733a333a226e6577223b7d),
('e2e26e3cd9f7510f770ca7726c056d3237c79d8f', '127.0.0.1', 1450793283, 0x5f5f63695f6c6173745f726567656e65726174657c693a313435303739333232353b7265717565737465645f706167657c733a34353a22687474703a2f2f707261732e6465762f61646d696e2f636f6e74656e742f73747564656e745f6d616e61676572223b757365725f69647c733a313a2231223b617574685f637573746f6d7c733a353a2261646d696e223b757365725f746f6b656e7c733a34303a2266363134653831353239383937666164323635383935333038323434346663366466303436613863223b6964656e746974797c733a353a2261646d696e223b726f6c655f69647c733a313a2231223b6c6f676765645f696e7c623a313b6c616e67756167657c733a373a22656e676c697368223b70726576696f75735f706167657c733a34353a22687474703a2f2f707261732e6465762f61646d696e2f636f6e74656e742f73747564656e745f6d616e61676572223b),
('760a54d2e2a9a86eeff96475ecbd52edca498f15', '127.0.0.1', 1450834423, 0x5f5f63695f6c6173745f726567656e65726174657c693a313435303833343431333b7265717565737465645f706167657c733a34353a22687474703a2f2f707261732e6465762f61646d696e2f636f6e74656e742f73747564656e745f6d616e61676572223b757365725f69647c733a313a2231223b617574685f637573746f6d7c733a353a2261646d696e223b757365725f746f6b656e7c733a34303a2266363134653831353239383937666164323635383935333038323434346663366466303436613863223b6964656e746974797c733a353a2261646d696e223b726f6c655f69647c733a313a2231223b6c6f676765645f696e7c623a313b6c616e67756167657c733a373a22656e676c697368223b70726576696f75735f706167657c733a34353a22687474703a2f2f707261732e6465762f61646d696e2f636f6e74656e742f73747564656e745f6d616e61676572223b),
('aa774ef5e22b8b1cbe7bea0df6632a0a06fc48cf', '127.0.0.1', 1450837095, 0x5f5f63695f6c6173745f726567656e65726174657c693a313435303833363832323b7265717565737465645f706167657c733a34353a22687474703a2f2f707261732e6465762f61646d696e2f636f6e74656e742f73747564656e745f6d616e61676572223b757365725f69647c733a313a2231223b617574685f637573746f6d7c733a353a2261646d696e223b757365725f746f6b656e7c733a34303a2266363134653831353239383937666164323635383935333038323434346663366466303436613863223b6964656e746974797c733a353a2261646d696e223b726f6c655f69647c733a313a2231223b6c6f676765645f696e7c623a313b6c616e67756167657c733a373a22656e676c697368223b70726576696f75735f706167657c733a34353a22687474703a2f2f707261732e6465762f61646d696e2f636f6e74656e742f73747564656e745f6d616e61676572223b),
('a95567d1a119d5e7f730a0bc2ea89d0c72f4b323', '127.0.0.1', 1450837413, 0x5f5f63695f6c6173745f726567656e65726174657c693a313435303833373234373b7265717565737465645f706167657c733a34353a22687474703a2f2f707261732e6465762f61646d696e2f636f6e74656e742f73747564656e745f6d616e61676572223b757365725f69647c733a313a2231223b617574685f637573746f6d7c733a353a2261646d696e223b757365725f746f6b656e7c733a34303a2266363134653831353239383937666164323635383935333038323434346663366466303436613863223b6964656e746974797c733a353a2261646d696e223b726f6c655f69647c733a313a2231223b6c6f676765645f696e7c623a313b6c616e67756167657c733a373a22656e676c697368223b70726576696f75735f706167657c733a34353a22687474703a2f2f707261732e6465762f61646d696e2f636f6e74656e742f73747564656e745f6d616e61676572223b),
('67de18a3b1c04c34ee7fb5268eae261ca49fddbd', '127.0.0.1', 1450838522, 0x5f5f63695f6c6173745f726567656e65726174657c693a313435303833383239303b7265717565737465645f706167657c733a34353a22687474703a2f2f707261732e6465762f61646d696e2f636f6e74656e742f73747564656e745f6d616e61676572223b757365725f69647c733a313a2231223b617574685f637573746f6d7c733a353a2261646d696e223b757365725f746f6b656e7c733a34303a2266363134653831353239383937666164323635383935333038323434346663366466303436613863223b6964656e746974797c733a353a2261646d696e223b726f6c655f69647c733a313a2231223b6c6f676765645f696e7c623a313b6c616e67756167657c733a373a22656e676c697368223b70726576696f75735f706167657c733a34353a22687474703a2f2f707261732e6465762f61646d696e2f636f6e74656e742f73747564656e745f6d616e61676572223b),
('33299496f6b555b5693c7fe5074726ff3ef969ab', '127.0.0.1', 1450839381, 0x5f5f63695f6c6173745f726567656e65726174657c693a313435303833393235333b7265717565737465645f706167657c733a34353a22687474703a2f2f707261732e6465762f61646d696e2f636f6e74656e742f73747564656e745f6d616e61676572223b757365725f69647c733a313a2231223b617574685f637573746f6d7c733a353a2261646d696e223b757365725f746f6b656e7c733a34303a2266363134653831353239383937666164323635383935333038323434346663366466303436613863223b6964656e746974797c733a353a2261646d696e223b726f6c655f69647c733a313a2231223b6c6f676765645f696e7c623a313b6c616e67756167657c733a373a22656e676c697368223b70726576696f75735f706167657c733a34353a22687474703a2f2f707261732e6465762f61646d696e2f636f6e74656e742f73747564656e745f6d616e61676572223b),
('2f642dc4128e58a060939a953b64c53baddc8f9c', '127.0.0.1', 1450839894, 0x5f5f63695f6c6173745f726567656e65726174657c693a313435303833393639313b7265717565737465645f706167657c733a34353a22687474703a2f2f707261732e6465762f61646d696e2f636f6e74656e742f73747564656e745f6d616e61676572223b757365725f69647c733a313a2231223b617574685f637573746f6d7c733a353a2261646d696e223b757365725f746f6b656e7c733a34303a2266363134653831353239383937666164323635383935333038323434346663366466303436613863223b6964656e746974797c733a353a2261646d696e223b726f6c655f69647c733a313a2231223b6c6f676765645f696e7c623a313b6c616e67756167657c733a373a22656e676c697368223b70726576696f75735f706167657c733a34353a22687474703a2f2f707261732e6465762f61646d696e2f636f6e74656e742f73747564656e745f6d616e61676572223b),
('71bd375e90ad51cb97fd7279ba787708acde72e7', '127.0.0.1', 1450840766, 0x5f5f63695f6c6173745f726567656e65726174657c693a313435303834303736363b7265717565737465645f706167657c733a34353a22687474703a2f2f707261732e6465762f61646d696e2f636f6e74656e742f73747564656e745f6d616e61676572223b757365725f69647c733a313a2231223b617574685f637573746f6d7c733a353a2261646d696e223b757365725f746f6b656e7c733a34303a2266363134653831353239383937666164323635383935333038323434346663366466303436613863223b6964656e746974797c733a353a2261646d696e223b726f6c655f69647c733a313a2231223b6c6f676765645f696e7c623a313b6c616e67756167657c733a373a22656e676c697368223b70726576696f75735f706167657c733a34353a22687474703a2f2f707261732e6465762f61646d696e2f636f6e74656e742f73747564656e745f6d616e61676572223b),
('7508690e51ecbc65b9396fa76d93e2d155ae32af', '127.0.0.1', 1450842732, 0x5f5f63695f6c6173745f726567656e65726174657c693a313435303834323436323b7265717565737465645f706167657c733a34353a22687474703a2f2f707261732e6465762f61646d696e2f636f6e74656e742f73747564656e745f6d616e61676572223b757365725f69647c733a313a2231223b617574685f637573746f6d7c733a353a2261646d696e223b757365725f746f6b656e7c733a34303a2266363134653831353239383937666164323635383935333038323434346663366466303436613863223b6964656e746974797c733a353a2261646d696e223b726f6c655f69647c733a313a2231223b6c6f676765645f696e7c623a313b6c616e67756167657c733a373a22656e676c697368223b70726576696f75735f706167657c733a34353a22687474703a2f2f707261732e6465762f61646d696e2f636f6e74656e742f73747564656e745f6d616e61676572223b),
('7982c88db53b18977d1a20159c3b0aebd2416553', '127.0.0.1', 1450843549, 0x5f5f63695f6c6173745f726567656e65726174657c693a313435303834333238393b7265717565737465645f706167657c733a34353a22687474703a2f2f707261732e6465762f61646d696e2f636f6e74656e742f73747564656e745f6d616e61676572223b757365725f69647c733a313a2231223b617574685f637573746f6d7c733a353a2261646d696e223b757365725f746f6b656e7c733a34303a2266363134653831353239383937666164323635383935333038323434346663366466303436613863223b6964656e746974797c733a353a2261646d696e223b726f6c655f69647c733a313a2231223b6c6f676765645f696e7c623a313b6c616e67756167657c733a373a22656e676c697368223b70726576696f75735f706167657c733a34353a22687474703a2f2f707261732e6465762f61646d696e2f636f6e74656e742f73747564656e745f6d616e61676572223b),
('d73f1915c601c59572154744cb35781d4fc89f85', '127.0.0.1', 1450843600, 0x5f5f63695f6c6173745f726567656e65726174657c693a313435303834333539393b7265717565737465645f706167657c733a34353a22687474703a2f2f707261732e6465762f61646d696e2f636f6e74656e742f73747564656e745f6d616e61676572223b757365725f69647c733a313a2231223b617574685f637573746f6d7c733a353a2261646d696e223b757365725f746f6b656e7c733a34303a2266363134653831353239383937666164323635383935333038323434346663366466303436613863223b6964656e746974797c733a353a2261646d696e223b726f6c655f69647c733a313a2231223b6c6f676765645f696e7c623a313b6c616e67756167657c733a373a22656e676c697368223b70726576696f75735f706167657c733a34353a22687474703a2f2f707261732e6465762f61646d696e2f636f6e74656e742f73747564656e745f6d616e61676572223b),
('e88efe0b0a90b3e8dc5100c027011974887ec096', '127.0.0.1', 1450844452, 0x5f5f63695f6c6173745f726567656e65726174657c693a313435303834343231373b7265717565737465645f706167657c733a34353a22687474703a2f2f707261732e6465762f61646d696e2f636f6e74656e742f73747564656e745f6d616e61676572223b757365725f69647c733a313a2231223b617574685f637573746f6d7c733a353a2261646d696e223b757365725f746f6b656e7c733a34303a2266363134653831353239383937666164323635383935333038323434346663366466303436613863223b6964656e746974797c733a353a2261646d696e223b726f6c655f69647c733a313a2231223b6c6f676765645f696e7c623a313b6c616e67756167657c733a373a22656e676c697368223b70726576696f75735f706167657c733a34353a22687474703a2f2f707261732e6465762f61646d696e2f636f6e74656e742f73747564656e745f6d616e61676572223b),
('de151b60830b972e67a58e5522d45af984f01e40', '127.0.0.1', 1450845082, 0x5f5f63695f6c6173745f726567656e65726174657c693a313435303834343739393b7265717565737465645f706167657c733a34353a22687474703a2f2f707261732e6465762f61646d696e2f636f6e74656e742f73747564656e745f6d616e61676572223b757365725f69647c733a313a2231223b617574685f637573746f6d7c733a353a2261646d696e223b757365725f746f6b656e7c733a34303a2266363134653831353239383937666164323635383935333038323434346663366466303436613863223b6964656e746974797c733a353a2261646d696e223b726f6c655f69647c733a313a2231223b6c6f676765645f696e7c623a313b6c616e67756167657c733a373a22656e676c697368223b70726576696f75735f706167657c733a34353a22687474703a2f2f707261732e6465762f61646d696e2f636f6e74656e742f73747564656e745f6d616e61676572223b),
('a1e69ed4de347d0b100659ec14db7ee2932af874', '127.0.0.1', 1450845599, 0x5f5f63695f6c6173745f726567656e65726174657c693a313435303834353436393b7265717565737465645f706167657c733a34353a22687474703a2f2f707261732e6465762f61646d696e2f636f6e74656e742f73747564656e745f6d616e61676572223b757365725f69647c733a313a2231223b617574685f637573746f6d7c733a353a2261646d696e223b757365725f746f6b656e7c733a34303a2266363134653831353239383937666164323635383935333038323434346663366466303436613863223b6964656e746974797c733a353a2261646d696e223b726f6c655f69647c733a313a2231223b6c6f676765645f696e7c623a313b6c616e67756167657c733a373a22656e676c697368223b70726576696f75735f706167657c733a34353a22687474703a2f2f707261732e6465762f61646d696e2f636f6e74656e742f73747564656e745f6d616e61676572223b),
('5b07c76e3f6c6398f330e1e72b7795929d293891', '127.0.0.1', 1450846606, 0x5f5f63695f6c6173745f726567656e65726174657c693a313435303834363331373b7265717565737465645f706167657c733a34353a22687474703a2f2f707261732e6465762f61646d696e2f636f6e74656e742f73747564656e745f6d616e61676572223b757365725f69647c733a313a2231223b617574685f637573746f6d7c733a353a2261646d696e223b757365725f746f6b656e7c733a34303a2266363134653831353239383937666164323635383935333038323434346663366466303436613863223b6964656e746974797c733a353a2261646d696e223b726f6c655f69647c733a313a2231223b6c6f676765645f696e7c623a313b6c616e67756167657c733a373a22656e676c697368223b70726576696f75735f706167657c733a34353a22687474703a2f2f707261732e6465762f61646d696e2f636f6e74656e742f73747564656e745f6d616e61676572223b),
('2e6745cfecc07423952bc45c548350e4b4aafc28', '127.0.0.1', 1450846867, 0x5f5f63695f6c6173745f726567656e65726174657c693a313435303834363633323b7265717565737465645f706167657c733a34353a22687474703a2f2f707261732e6465762f61646d696e2f636f6e74656e742f73747564656e745f6d616e61676572223b757365725f69647c733a313a2231223b617574685f637573746f6d7c733a353a2261646d696e223b757365725f746f6b656e7c733a34303a2266363134653831353239383937666164323635383935333038323434346663366466303436613863223b6964656e746974797c733a353a2261646d696e223b726f6c655f69647c733a313a2231223b6c6f676765645f696e7c623a313b6c616e67756167657c733a373a22656e676c697368223b70726576696f75735f706167657c733a34353a22687474703a2f2f707261732e6465762f61646d696e2f636f6e74656e742f73747564656e745f6d616e61676572223b),
('8f5cad3e8b6cf1b06a5378fa58eac2e54dcfb5bd', '127.0.0.1', 1450847284, 0x5f5f63695f6c6173745f726567656e65726174657c693a313435303834373133343b7265717565737465645f706167657c733a34353a22687474703a2f2f707261732e6465762f61646d696e2f636f6e74656e742f73747564656e745f6d616e61676572223b757365725f69647c733a313a2231223b617574685f637573746f6d7c733a353a2261646d696e223b757365725f746f6b656e7c733a34303a2266363134653831353239383937666164323635383935333038323434346663366466303436613863223b6964656e746974797c733a353a2261646d696e223b726f6c655f69647c733a313a2231223b6c6f676765645f696e7c623a313b6c616e67756167657c733a373a22656e676c697368223b70726576696f75735f706167657c733a34353a22687474703a2f2f707261732e6465762f61646d696e2f636f6e74656e742f73747564656e745f6d616e61676572223b),
('8968d51cadd2bcc0e80e3f48431b76cd5097d9dd', '127.0.0.1', 1450847645, 0x5f5f63695f6c6173745f726567656e65726174657c693a313435303834373536313b7265717565737465645f706167657c733a33363a22687474703a2f2f707261732e6465762f61646d696e2f73657474696e67732f7573657273223b757365725f69647c733a313a2231223b617574685f637573746f6d7c733a353a2261646d696e223b757365725f746f6b656e7c733a34303a2266363134653831353239383937666164323635383935333038323434346663366466303436613863223b6964656e746974797c733a353a2261646d696e223b726f6c655f69647c733a313a2231223b6c6f676765645f696e7c623a313b6c616e67756167657c733a373a22656e676c697368223b70726576696f75735f706167657c733a33363a22687474703a2f2f707261732e6465762f61646d696e2f73657474696e67732f7573657273223b),
('cf4abd19f33fffca02b4068ecb9a090d63232db1', '127.0.0.1', 1450848251, 0x5f5f63695f6c6173745f726567656e65726174657c693a313435303834373937313b7265717565737465645f706167657c733a34353a22687474703a2f2f707261732e6465762f61646d696e2f636f6e74656e742f73747564656e745f6d616e61676572223b757365725f69647c733a313a2231223b617574685f637573746f6d7c733a353a2261646d696e223b757365725f746f6b656e7c733a34303a2266363134653831353239383937666164323635383935333038323434346663366466303436613863223b6964656e746974797c733a353a2261646d696e223b726f6c655f69647c733a313a2231223b6c6f676765645f696e7c623a313b6c616e67756167657c733a373a22656e676c697368223b70726576696f75735f706167657c733a34353a22687474703a2f2f707261732e6465762f61646d696e2f636f6e74656e742f73747564656e745f6d616e61676572223b),
('83198653c23976e6d8cc59bb019534fb2272e495', '127.0.0.1', 1450848518, 0x5f5f63695f6c6173745f726567656e65726174657c693a313435303834383238353b7265717565737465645f706167657c733a34353a22687474703a2f2f707261732e6465762f61646d696e2f636f6e74656e742f73747564656e745f6d616e61676572223b757365725f69647c733a313a2231223b617574685f637573746f6d7c733a353a2261646d696e223b757365725f746f6b656e7c733a34303a2266363134653831353239383937666164323635383935333038323434346663366466303436613863223b6964656e746974797c733a353a2261646d696e223b726f6c655f69647c733a313a2231223b6c6f676765645f696e7c623a313b6c616e67756167657c733a373a22656e676c697368223b70726576696f75735f706167657c733a34353a22687474703a2f2f707261732e6465762f61646d696e2f636f6e74656e742f73747564656e745f6d616e61676572223b),
('12d918f5a0af920d9418352e2905b6a322822ffd', '127.0.0.1', 1450848887, 0x5f5f63695f6c6173745f726567656e65726174657c693a313435303834383539373b7265717565737465645f706167657c733a34383a22687474703a2f2f707261732e6465762f61646d696e2f73657474696e67732f75736572732f766965775f757365722f31223b757365725f69647c733a313a2231223b617574685f637573746f6d7c733a353a2261646d696e223b757365725f746f6b656e7c733a34303a2266363134653831353239383937666164323635383935333038323434346663366466303436613863223b6964656e746974797c733a353a2261646d696e223b726f6c655f69647c733a313a2231223b6c6f676765645f696e7c623a313b6c616e67756167657c733a373a22656e676c697368223b70726576696f75735f706167657c733a34383a22687474703a2f2f707261732e6465762f61646d696e2f73657474696e67732f75736572732f766965775f757365722f31223b),
('34904f02bd91a5c88fec2c8a21c4499be50aa1c2', '127.0.0.1', 1450849114, 0x5f5f63695f6c6173745f726567656e65726174657c693a313435303834393131333b7265717565737465645f706167657c733a34353a22687474703a2f2f707261732e6465762f61646d696e2f636f6e74656e742f73747564656e745f6d616e61676572223b757365725f69647c733a313a2231223b617574685f637573746f6d7c733a353a2261646d696e223b757365725f746f6b656e7c733a34303a2266363134653831353239383937666164323635383935333038323434346663366466303436613863223b6964656e746974797c733a353a2261646d696e223b726f6c655f69647c733a313a2231223b6c6f676765645f696e7c623a313b6c616e67756167657c733a373a22656e676c697368223b70726576696f75735f706167657c733a34353a22687474703a2f2f707261732e6465762f61646d696e2f636f6e74656e742f73747564656e745f6d616e61676572223b),
('3343f34005e0a1a88b713b78dd6be576c0498137', '127.0.0.1', 1450850640, 0x5f5f63695f6c6173745f726567656e65726174657c693a313435303835303432303b7265717565737465645f706167657c733a34353a22687474703a2f2f707261732e6465762f61646d696e2f7265706f7274732f73747564656e745f6d616e61676572223b757365725f69647c733a313a2231223b617574685f637573746f6d7c733a353a2261646d696e223b757365725f746f6b656e7c733a34303a2266363134653831353239383937666164323635383935333038323434346663366466303436613863223b6964656e746974797c733a353a2261646d696e223b726f6c655f69647c733a313a2231223b6c6f676765645f696e7c623a313b6c616e67756167657c733a373a22656e676c697368223b70726576696f75735f706167657c733a34353a22687474703a2f2f707261732e6465762f61646d696e2f636f6e74656e742f73747564656e745f6d616e61676572223b6d6573736167657c733a303a22223b5f5f63695f766172737c613a313a7b733a373a226d657373616765223b733a333a226f6c64223b7d),
('02f650286fd34a11d1bb8ee28174be1761730608', '127.0.0.1', 1450850806, 0x5f5f63695f6c6173745f726567656e65726174657c693a313435303835303830363b7265717565737465645f706167657c733a34353a22687474703a2f2f707261732e6465762f61646d696e2f7265706f7274732f73747564656e745f6d616e61676572223b757365725f69647c733a313a2231223b617574685f637573746f6d7c733a353a2261646d696e223b757365725f746f6b656e7c733a34303a2266363134653831353239383937666164323635383935333038323434346663366466303436613863223b6964656e746974797c733a353a2261646d696e223b726f6c655f69647c733a313a2231223b6c6f676765645f696e7c623a313b6c616e67756167657c733a373a22656e676c697368223b70726576696f75735f706167657c733a34353a22687474703a2f2f707261732e6465762f61646d696e2f636f6e74656e742f73747564656e745f6d616e61676572223b),
('b955e2ef9a6a4e478fd60474a4003d2d58531a47', '127.0.0.1', 1450851476, 0x5f5f63695f6c6173745f726567656e65726174657c693a313435303835313233313b7265717565737465645f706167657c733a34353a22687474703a2f2f707261732e6465762f61646d696e2f7265706f7274732f73747564656e745f6d616e61676572223b757365725f69647c733a313a2231223b617574685f637573746f6d7c733a353a2261646d696e223b757365725f746f6b656e7c733a34303a2266363134653831353239383937666164323635383935333038323434346663366466303436613863223b6964656e746974797c733a353a2261646d696e223b726f6c655f69647c733a313a2231223b6c6f676765645f696e7c623a313b6c616e67756167657c733a373a22656e676c697368223b70726576696f75735f706167657c733a34353a22687474703a2f2f707261732e6465762f61646d696e2f7265706f7274732f73747564656e745f6d616e61676572223b),
('1771093d770c243345f5962ebc687c59f2ef5e22', '127.0.0.1', 1450851976, 0x5f5f63695f6c6173745f726567656e65726174657c693a313435303835313937313b7265717565737465645f706167657c733a34353a22687474703a2f2f707261732e6465762f61646d696e2f7265706f7274732f73747564656e745f6d616e61676572223b757365725f69647c733a313a2231223b617574685f637573746f6d7c733a353a2261646d696e223b757365725f746f6b656e7c733a34303a2266363134653831353239383937666164323635383935333038323434346663366466303436613863223b6964656e746974797c733a353a2261646d696e223b726f6c655f69647c733a313a2231223b6c6f676765645f696e7c623a313b6c616e67756167657c733a373a22656e676c697368223b70726576696f75735f706167657c733a34353a22687474703a2f2f707261732e6465762f61646d696e2f7265706f7274732f73747564656e745f6d616e61676572223b),
('80804ebeba99923df7685ed95b368beaf653b896', '127.0.0.1', 1450852554, 0x5f5f63695f6c6173745f726567656e65726174657c693a313435303835323430383b7265717565737465645f706167657c733a34353a22687474703a2f2f707261732e6465762f61646d696e2f7265706f7274732f73747564656e745f6d616e61676572223b757365725f69647c733a313a2231223b617574685f637573746f6d7c733a353a2261646d696e223b757365725f746f6b656e7c733a34303a2266363134653831353239383937666164323635383935333038323434346663366466303436613863223b6964656e746974797c733a353a2261646d696e223b726f6c655f69647c733a313a2231223b6c6f676765645f696e7c623a313b6c616e67756167657c733a373a22656e676c697368223b70726576696f75735f706167657c733a34353a22687474703a2f2f707261732e6465762f61646d696e2f7265706f7274732f73747564656e745f6d616e61676572223b),
('2723028f2d3233e8b983999d97709e6e0389706b', '127.0.0.1', 1450852867, 0x5f5f63695f6c6173745f726567656e65726174657c693a313435303835323732373b7265717565737465645f706167657c733a34353a22687474703a2f2f707261732e6465762f61646d696e2f7265706f7274732f73747564656e745f6d616e61676572223b757365725f69647c733a313a2231223b617574685f637573746f6d7c733a353a2261646d696e223b757365725f746f6b656e7c733a34303a2266363134653831353239383937666164323635383935333038323434346663366466303436613863223b6964656e746974797c733a353a2261646d696e223b726f6c655f69647c733a313a2231223b6c6f676765645f696e7c623a313b6c616e67756167657c733a373a22656e676c697368223b70726576696f75735f706167657c733a34353a22687474703a2f2f707261732e6465762f61646d696e2f7265706f7274732f73747564656e745f6d616e61676572223b),
('1d29a13f3b164c8422d43b55eac80d3be38bcd9e', '127.0.0.1', 1450853237, 0x5f5f63695f6c6173745f726567656e65726174657c693a313435303835333034333b7265717565737465645f706167657c733a34353a22687474703a2f2f707261732e6465762f61646d696e2f7265706f7274732f73747564656e745f6d616e61676572223b757365725f69647c733a313a2231223b617574685f637573746f6d7c733a353a2261646d696e223b757365725f746f6b656e7c733a34303a2266363134653831353239383937666164323635383935333038323434346663366466303436613863223b6964656e746974797c733a353a2261646d696e223b726f6c655f69647c733a313a2231223b6c6f676765645f696e7c623a313b6c616e67756167657c733a373a22656e676c697368223b70726576696f75735f706167657c733a34353a22687474703a2f2f707261732e6465762f61646d696e2f7265706f7274732f73747564656e745f6d616e61676572223b),
('c686ac9530400d2525e773965f6435c195952420', '127.0.0.1', 1450854116, 0x5f5f63695f6c6173745f726567656e65726174657c693a313435303835333932303b7265717565737465645f706167657c733a34353a22687474703a2f2f707261732e6465762f61646d696e2f7265706f7274732f73747564656e745f6d616e61676572223b757365725f69647c733a313a2231223b617574685f637573746f6d7c733a353a2261646d696e223b757365725f746f6b656e7c733a34303a2266363134653831353239383937666164323635383935333038323434346663366466303436613863223b6964656e746974797c733a353a2261646d696e223b726f6c655f69647c733a313a2231223b6c6f676765645f696e7c623a313b6c616e67756167657c733a373a22656e676c697368223b70726576696f75735f706167657c733a34353a22687474703a2f2f707261732e6465762f61646d696e2f7265706f7274732f73747564656e745f6d616e61676572223b),
('80070886a7092768aba470d1e370d263cd066667', '127.0.0.1', 1450854445, 0x5f5f63695f6c6173745f726567656e65726174657c693a313435303835343234333b7265717565737465645f706167657c733a32393a22687474703a2f2f707261732e6465762f75736572732f70726f66696c65223b757365725f69647c733a313a2231223b617574685f637573746f6d7c733a353a2261646d696e223b757365725f746f6b656e7c733a34303a2266363134653831353239383937666164323635383935333038323434346663366466303436613863223b6964656e746974797c733a353a2261646d696e223b726f6c655f69647c733a313a2231223b6c6f676765645f696e7c623a313b6c616e67756167657c733a373a22656e676c697368223b70726576696f75735f706167657c733a32393a22687474703a2f2f707261732e6465762f75736572732f70726f66696c65223b),
('b3accc280d58a4094db63fd67d203766cfacbbc7', '127.0.0.1', 1450854827, 0x5f5f63695f6c6173745f726567656e65726174657c693a313435303835343832373b7265717565737465645f706167657c733a34353a22687474703a2f2f707261732e6465762f61646d696e2f7265706f7274732f73747564656e745f6d616e61676572223b757365725f69647c733a313a2231223b617574685f637573746f6d7c733a353a2261646d696e223b757365725f746f6b656e7c733a34303a2266363134653831353239383937666164323635383935333038323434346663366466303436613863223b6964656e746974797c733a353a2261646d696e223b726f6c655f69647c733a313a2231223b6c6f676765645f696e7c623a313b6c616e67756167657c733a373a22656e676c697368223b70726576696f75735f706167657c733a34353a22687474703a2f2f707261732e6465762f61646d696e2f7265706f7274732f73747564656e745f6d616e61676572223b);
INSERT INTO `bf_ci3_sessions` (`id`, `ip_address`, `timestamp`, `data`) VALUES
('31a9c043c43b01c024881d41256db6173cecac3b', '127.0.0.1', 1450855384, 0x5f5f63695f6c6173745f726567656e65726174657c693a313435303835353138353b7265717565737465645f706167657c733a34353a22687474703a2f2f707261732e6465762f61646d696e2f7265706f7274732f73747564656e745f6d616e61676572223b757365725f69647c733a313a2231223b617574685f637573746f6d7c733a353a2261646d696e223b757365725f746f6b656e7c733a34303a2266363134653831353239383937666164323635383935333038323434346663366466303436613863223b6964656e746974797c733a353a2261646d696e223b726f6c655f69647c733a313a2231223b6c6f676765645f696e7c623a313b6c616e67756167657c733a373a22656e676c697368223b70726576696f75735f706167657c733a34353a22687474703a2f2f707261732e6465762f61646d696e2f7265706f7274732f73747564656e745f6d616e61676572223b),
('cbca750792de6553bdcb072e53b1368f4313151d', '127.0.0.1', 1450856716, 0x5f5f63695f6c6173745f726567656e65726174657c693a313435303835363534393b7265717565737465645f706167657c733a34353a22687474703a2f2f707261732e6465762f61646d696e2f636f6e74656e742f73747564656e745f6d616e61676572223b757365725f69647c733a313a2231223b617574685f637573746f6d7c733a353a2261646d696e223b757365725f746f6b656e7c733a34303a2266363134653831353239383937666164323635383935333038323434346663366466303436613863223b6964656e746974797c733a353a2261646d696e223b726f6c655f69647c733a313a2231223b6c6f676765645f696e7c623a313b6c616e67756167657c733a373a22656e676c697368223b70726576696f75735f706167657c733a34353a22687474703a2f2f707261732e6465762f61646d696e2f636f6e74656e742f73747564656e745f6d616e61676572223b),
('856926bed6de6e5b6b966d434561f65ff05772a6', '127.0.0.1', 1450873115, 0x5f5f63695f6c6173745f726567656e65726174657c693a313435303837333131343b7265717565737465645f706167657c733a34353a22687474703a2f2f707261732e6465762f61646d696e2f636f6e74656e742f73747564656e745f6d616e61676572223b6d6573736167657c733a34373a226572726f723a3a596f75206d757374206265206c6f6767656420696e20746f2076696577207468617420706167652e223b5f5f63695f766172737c613a313a7b733a373a226d657373616765223b733a333a226e6577223b7d),
('fc822b86d335ea0ddcb2671a4c8717a2cca43973', '127.0.0.1', 1450873118, 0x5f5f63695f6c6173745f726567656e65726174657c693a313435303837333131373b),
('8f0310f4bfd8df27d71cdafa58d515fec78f5c8e', '127.0.0.1', 1457528254, 0x5f5f63695f6c6173745f726567656e65726174657c693a313435373532383235333b7265717565737465645f706167657c733a31363a22687474703a2f2f707261732e6465762f223b70726576696f75735f706167657c733a31363a22687474703a2f2f707261732e6465762f223b),
('ed7bb53f06fff3653e6968677778de2975d87979', '127.0.0.1', 1457528956, 0x5f5f63695f6c6173745f726567656e65726174657c693a313435373532383934353b7265717565737465645f706167657c733a31363a22687474703a2f2f707261732e6465762f223b70726576696f75735f706167657c733a31363a22687474703a2f2f707261732e6465762f223b),
('27cfe9adbe577bf7dd28c6a2827664dce53846b3', '127.0.0.1', 1457531223, 0x5f5f63695f6c6173745f726567656e65726174657c693a313435373533303935333b7265717565737465645f706167657c733a31363a22687474703a2f2f707261732e6465762f223b70726576696f75735f706167657c733a31363a22687474703a2f2f707261732e6465762f223b),
('6ff2fd12ca20318887acddd6088631f1833fda2d', '127.0.0.1', 1457531526, 0x5f5f63695f6c6173745f726567656e65726174657c693a313435373533313236323b7265717565737465645f706167657c733a32393a22687474703a2f2f707261732e6465762f61646d696e2f636f6e74656e74223b70726576696f75735f706167657c733a32393a22687474703a2f2f707261732e6465762f61646d696e2f636f6e74656e74223b757365725f69647c733a313a2231223b617574685f637573746f6d7c733a353a2261646d696e223b757365725f746f6b656e7c733a34303a2266363134653831353239383937666164323635383935333038323434346663366466303436613863223b6964656e746974797c733a353a2261646d696e223b726f6c655f69647c733a313a2231223b6c6f676765645f696e7c623a313b6c616e67756167657c733a373a22656e676c697368223b),
('910d622f59ed17a5d76a68c97010b48038e58066', '127.0.0.1', 1457532642, 0x5f5f63695f6c6173745f726567656e65726174657c693a313435373533323434383b7265717565737465645f706167657c733a36323a22687474703a2f2f707261732e6465762f61646d696e2f73657474696e67732f63616d7075735f6d616e616765722f61636164656d69635f73657373696f6e223b70726576696f75735f706167657c733a36323a22687474703a2f2f707261732e6465762f61646d696e2f73657474696e67732f63616d7075735f6d616e616765722f61636164656d69635f73657373696f6e223b757365725f69647c733a313a2231223b617574685f637573746f6d7c733a353a2261646d696e223b757365725f746f6b656e7c733a34303a2266363134653831353239383937666164323635383935333038323434346663366466303436613863223b6964656e746974797c733a353a2261646d696e223b726f6c655f69647c733a313a2231223b6c6f676765645f696e7c623a313b6c616e67756167657c733a373a22656e676c697368223b);

-- --------------------------------------------------------

--
-- Stand-in structure for view `bf_contacts_view`
--
CREATE TABLE IF NOT EXISTS `bf_contacts_view` (
`id` int(9)
,`user_id` int(11)
,`firstname` varchar(100)
,`middlename` varchar(100)
,`lastname` varchar(100)
,`fullname` varchar(302)
,`street_line1` varchar(100)
,`street_line2` varchar(100)
,`state` varchar(80)
,`country` varchar(80)
,`lga` varchar(80)
,`postcode` varchar(12)
,`other` varchar(100)
,`telephone` varchar(15)
,`contact_type` int(6)
);
-- --------------------------------------------------------

--
-- Table structure for table `bf_contact_address`
--

CREATE TABLE IF NOT EXISTS `bf_contact_address` (
  `id` int(9) NOT NULL AUTO_INCREMENT,
  `user_id` int(11) NOT NULL,
  `street_line1` varchar(100) NOT NULL,
  `street_line2` varchar(100) DEFAULT NULL,
  `state_id` int(6) DEFAULT NULL,
  `country_code` char(2) NOT NULL,
  `lga_id` int(6) DEFAULT NULL,
  `postcode` varchar(12) DEFAULT NULL,
  `other` varchar(100) DEFAULT NULL,
  `telephone` varchar(15) NOT NULL,
  `contact_type` int(6) NOT NULL,
  PRIMARY KEY (`id`),
  KEY `lga_id` (`lga_id`),
  KEY `state_id` (`state_id`),
  KEY `user_id` (`user_id`),
  KEY `country_code` (`country_code`)
) ENGINE=MyISAM  DEFAULT CHARSET=utf8 AUTO_INCREMENT=4 ;

--
-- Dumping data for table `bf_contact_address`
--

INSERT INTO `bf_contact_address` (`id`, `user_id`, `street_line1`, `street_line2`, `state_id`, `country_code`, `lga_id`, `postcode`, `other`, `telephone`, `contact_type`) VALUES
(1, 1, '32 Ifedore Road', '', 431, 'NG', 592, '', '', '08013131315', 1),
(2, 1, '1 ifedun building', 'maye road', 403, 'NG', 531, NULL, '', '07459343436', 2),
(3, 2, 'adegoroye compound', 'ado road', 431, 'NG', 531, NULL, NULL, '07459363436', 2);

-- --------------------------------------------------------

--
-- Table structure for table `bf_countries`
--

CREATE TABLE IF NOT EXISTS `bf_countries` (
  `iso` char(2) NOT NULL DEFAULT 'US',
  `name` varchar(80) NOT NULL,
  `printable_name` varchar(80) NOT NULL,
  `iso3` char(3) DEFAULT NULL,
  `numcode` smallint(6) DEFAULT NULL,
  PRIMARY KEY (`iso`),
  UNIQUE KEY `printable_name` (`printable_name`)
) ENGINE=MyISAM DEFAULT CHARSET=utf8;

--
-- Dumping data for table `bf_countries`
--

INSERT INTO `bf_countries` (`iso`, `name`, `printable_name`, `iso3`, `numcode`) VALUES
('AF', 'AFGHANISTAN', 'Afghanistan', 'AFG', 4),
('AL', 'ALBANIA', 'Albania', 'ALB', 8),
('DZ', 'ALGERIA', 'Algeria', 'DZA', 12),
('AS', 'AMERICAN SAMOA', 'American Samoa', 'ASM', 16),
('AD', 'ANDORRA', 'Andorra', 'AND', 20),
('AO', 'ANGOLA', 'Angola', 'AGO', 24),
('AI', 'ANGUILLA', 'Anguilla', 'AIA', 660),
('AQ', 'ANTARCTICA', 'Antarctica', NULL, NULL),
('AG', 'ANTIGUA AND BARBUDA', 'Antigua and Barbuda', 'ATG', 28),
('AR', 'ARGENTINA', 'Argentina', 'ARG', 32),
('AM', 'ARMENIA', 'Armenia', 'ARM', 51),
('AW', 'ARUBA', 'Aruba', 'ABW', 533),
('AU', 'AUSTRALIA', 'Australia', 'AUS', 36),
('AT', 'AUSTRIA', 'Austria', 'AUT', 40),
('AZ', 'AZERBAIJAN', 'Azerbaijan', 'AZE', 31),
('BS', 'BAHAMAS', 'Bahamas', 'BHS', 44),
('BH', 'BAHRAIN', 'Bahrain', 'BHR', 48),
('BD', 'BANGLADESH', 'Bangladesh', 'BGD', 50),
('BB', 'BARBADOS', 'Barbados', 'BRB', 52),
('BY', 'BELARUS', 'Belarus', 'BLR', 112),
('BE', 'BELGIUM', 'Belgium', 'BEL', 56),
('BZ', 'BELIZE', 'Belize', 'BLZ', 84),
('BJ', 'BENIN', 'Benin', 'BEN', 204),
('BM', 'BERMUDA', 'Bermuda', 'BMU', 60),
('BT', 'BHUTAN', 'Bhutan', 'BTN', 64),
('BO', 'BOLIVIA', 'Bolivia', 'BOL', 68),
('BA', 'BOSNIA AND HERZEGOVINA', 'Bosnia and Herzegovina', 'BIH', 70),
('BW', 'BOTSWANA', 'Botswana', 'BWA', 72),
('BV', 'BOUVET ISLAND', 'Bouvet Island', NULL, NULL),
('BR', 'BRAZIL', 'Brazil', 'BRA', 76),
('IO', 'BRITISH INDIAN OCEAN TERRITORY', 'British Indian Ocean Territory', NULL, NULL),
('BN', 'BRUNEI DARUSSALAM', 'Brunei Darussalam', 'BRN', 96),
('BG', 'BULGARIA', 'Bulgaria', 'BGR', 100),
('BF', 'BURKINA FASO', 'Burkina Faso', 'BFA', 854),
('BI', 'BURUNDI', 'Burundi', 'BDI', 108),
('KH', 'CAMBODIA', 'Cambodia', 'KHM', 116),
('CM', 'CAMEROON', 'Cameroon', 'CMR', 120),
('CA', 'CANADA', 'Canada', 'CAN', 124),
('CV', 'CAPE VERDE', 'Cape Verde', 'CPV', 132),
('KY', 'CAYMAN ISLANDS', 'Cayman Islands', 'CYM', 136),
('CF', 'CENTRAL AFRICAN REPUBLIC', 'Central African Republic', 'CAF', 140),
('TD', 'CHAD', 'Chad', 'TCD', 148),
('CL', 'CHILE', 'Chile', 'CHL', 152),
('CN', 'CHINA', 'China', 'CHN', 156),
('CX', 'CHRISTMAS ISLAND', 'Christmas Island', NULL, NULL),
('CC', 'COCOS (KEELING) ISLANDS', 'Cocos (Keeling) Islands', NULL, NULL),
('CO', 'COLOMBIA', 'Colombia', 'COL', 170),
('KM', 'COMOROS', 'Comoros', 'COM', 174),
('CG', 'CONGO', 'Congo', 'COG', 178),
('CD', 'CONGO, THE DEMOCRATIC REPUBLIC OF THE', 'Congo, the Democratic Republic of the', 'COD', 180),
('CK', 'COOK ISLANDS', 'Cook Islands', 'COK', 184),
('CR', 'COSTA RICA', 'Costa Rica', 'CRI', 188),
('CI', 'COTE D''IVOIRE', 'Cote D''Ivoire', 'CIV', 384),
('HR', 'CROATIA', 'Croatia', 'HRV', 191),
('CU', 'CUBA', 'Cuba', 'CUB', 192),
('CY', 'CYPRUS', 'Cyprus', 'CYP', 196),
('CZ', 'CZECH REPUBLIC', 'Czech Republic', 'CZE', 203),
('DK', 'DENMARK', 'Denmark', 'DNK', 208),
('DJ', 'DJIBOUTI', 'Djibouti', 'DJI', 262),
('DM', 'DOMINICA', 'Dominica', 'DMA', 212),
('DO', 'DOMINICAN REPUBLIC', 'Dominican Republic', 'DOM', 214),
('EC', 'ECUADOR', 'Ecuador', 'ECU', 218),
('EG', 'EGYPT', 'Egypt', 'EGY', 818),
('SV', 'EL SALVADOR', 'El Salvador', 'SLV', 222),
('GQ', 'EQUATORIAL GUINEA', 'Equatorial Guinea', 'GNQ', 226),
('ER', 'ERITREA', 'Eritrea', 'ERI', 232),
('EE', 'ESTONIA', 'Estonia', 'EST', 233),
('ET', 'ETHIOPIA', 'Ethiopia', 'ETH', 231),
('FK', 'FALKLAND ISLANDS (MALVINAS)', 'Falkland Islands (Malvinas)', 'FLK', 238),
('FO', 'FAROE ISLANDS', 'Faroe Islands', 'FRO', 234),
('FJ', 'FIJI', 'Fiji', 'FJI', 242),
('FI', 'FINLAND', 'Finland', 'FIN', 246),
('FR', 'FRANCE', 'France', 'FRA', 250),
('GF', 'FRENCH GUIANA', 'French Guiana', 'GUF', 254),
('PF', 'FRENCH POLYNESIA', 'French Polynesia', 'PYF', 258),
('TF', 'FRENCH SOUTHERN TERRITORIES', 'French Southern Territories', NULL, NULL),
('GA', 'GABON', 'Gabon', 'GAB', 266),
('GM', 'GAMBIA', 'Gambia', 'GMB', 270),
('GE', 'GEORGIA', 'Georgia', 'GEO', 268),
('DE', 'GERMANY', 'Germany', 'DEU', 276),
('GH', 'GHANA', 'Ghana', 'GHA', 288),
('GI', 'GIBRALTAR', 'Gibraltar', 'GIB', 292),
('GR', 'GREECE', 'Greece', 'GRC', 300),
('GL', 'GREENLAND', 'Greenland', 'GRL', 304),
('GD', 'GRENADA', 'Grenada', 'GRD', 308),
('GP', 'GUADELOUPE', 'Guadeloupe', 'GLP', 312),
('GU', 'GUAM', 'Guam', 'GUM', 316),
('GT', 'GUATEMALA', 'Guatemala', 'GTM', 320),
('GN', 'GUINEA', 'Guinea', 'GIN', 324),
('GW', 'GUINEA-BISSAU', 'Guinea-Bissau', 'GNB', 624),
('GY', 'GUYANA', 'Guyana', 'GUY', 328),
('HT', 'HAITI', 'Haiti', 'HTI', 332),
('HM', 'HEARD ISLAND AND MCDONALD ISLANDS', 'Heard Island and Mcdonald Islands', NULL, NULL),
('VA', 'HOLY SEE (VATICAN CITY STATE)', 'Holy See (Vatican City State)', 'VAT', 336),
('HN', 'HONDURAS', 'Honduras', 'HND', 340),
('HK', 'HONG KONG', 'Hong Kong', 'HKG', 344),
('HU', 'HUNGARY', 'Hungary', 'HUN', 348),
('IS', 'ICELAND', 'Iceland', 'ISL', 352),
('IN', 'INDIA', 'India', 'IND', 356),
('ID', 'INDONESIA', 'Indonesia', 'IDN', 360),
('IR', 'IRAN, ISLAMIC REPUBLIC OF', 'Iran, Islamic Republic of', 'IRN', 364),
('IQ', 'IRAQ', 'Iraq', 'IRQ', 368),
('IE', 'IRELAND', 'Ireland', 'IRL', 372),
('IL', 'ISRAEL', 'Israel', 'ISR', 376),
('IT', 'ITALY', 'Italy', 'ITA', 380),
('JM', 'JAMAICA', 'Jamaica', 'JAM', 388),
('JP', 'JAPAN', 'Japan', 'JPN', 392),
('JO', 'JORDAN', 'Jordan', 'JOR', 400),
('KZ', 'KAZAKHSTAN', 'Kazakhstan', 'KAZ', 398),
('KE', 'KENYA', 'Kenya', 'KEN', 404),
('KI', 'KIRIBATI', 'Kiribati', 'KIR', 296),
('KP', 'KOREA, DEMOCRATIC PEOPLE''S REPUBLIC OF', 'Korea, Democratic People''s Republic of', 'PRK', 408),
('KR', 'KOREA, REPUBLIC OF', 'Korea, Republic of', 'KOR', 410),
('KW', 'KUWAIT', 'Kuwait', 'KWT', 414),
('KG', 'KYRGYZSTAN', 'Kyrgyzstan', 'KGZ', 417),
('LA', 'LAO PEOPLE''S DEMOCRATIC REPUBLIC', 'Lao People''s Democratic Republic', 'LAO', 418),
('LV', 'LATVIA', 'Latvia', 'LVA', 428),
('LB', 'LEBANON', 'Lebanon', 'LBN', 422),
('LS', 'LESOTHO', 'Lesotho', 'LSO', 426),
('LR', 'LIBERIA', 'Liberia', 'LBR', 430),
('LY', 'LIBYAN ARAB JAMAHIRIYA', 'Libyan Arab Jamahiriya', 'LBY', 434),
('LI', 'LIECHTENSTEIN', 'Liechtenstein', 'LIE', 438),
('LT', 'LITHUANIA', 'Lithuania', 'LTU', 440),
('LU', 'LUXEMBOURG', 'Luxembourg', 'LUX', 442),
('MO', 'MACAO', 'Macao', 'MAC', 446),
('MK', 'MACEDONIA, THE FORMER YUGOSLAV REPUBLIC OF', 'Macedonia, the Former Yugoslav Republic of', 'MKD', 807),
('MG', 'MADAGASCAR', 'Madagascar', 'MDG', 450),
('MW', 'MALAWI', 'Malawi', 'MWI', 454),
('MY', 'MALAYSIA', 'Malaysia', 'MYS', 458),
('MV', 'MALDIVES', 'Maldives', 'MDV', 462),
('ML', 'MALI', 'Mali', 'MLI', 466),
('MT', 'MALTA', 'Malta', 'MLT', 470),
('MH', 'MARSHALL ISLANDS', 'Marshall Islands', 'MHL', 584),
('MQ', 'MARTINIQUE', 'Martinique', 'MTQ', 474),
('MR', 'MAURITANIA', 'Mauritania', 'MRT', 478),
('MU', 'MAURITIUS', 'Mauritius', 'MUS', 480),
('YT', 'MAYOTTE', 'Mayotte', NULL, NULL),
('MX', 'MEXICO', 'Mexico', 'MEX', 484),
('FM', 'MICRONESIA, FEDERATED STATES OF', 'Micronesia, Federated States of', 'FSM', 583),
('MD', 'MOLDOVA, REPUBLIC OF', 'Moldova, Republic of', 'MDA', 498),
('MC', 'MONACO', 'Monaco', 'MCO', 492),
('MN', 'MONGOLIA', 'Mongolia', 'MNG', 496),
('MS', 'MONTSERRAT', 'Montserrat', 'MSR', 500),
('MA', 'MOROCCO', 'Morocco', 'MAR', 504),
('MZ', 'MOZAMBIQUE', 'Mozambique', 'MOZ', 508),
('MM', 'MYANMAR', 'Myanmar', 'MMR', 104),
('NA', 'NAMIBIA', 'Namibia', 'NAM', 516),
('NR', 'NAURU', 'Nauru', 'NRU', 520),
('NP', 'NEPAL', 'Nepal', 'NPL', 524),
('NL', 'NETHERLANDS', 'Netherlands', 'NLD', 528),
('AN', 'NETHERLANDS ANTILLES', 'Netherlands Antilles', 'ANT', 530),
('NC', 'NEW CALEDONIA', 'New Caledonia', 'NCL', 540),
('NZ', 'NEW ZEALAND', 'New Zealand', 'NZL', 554),
('NI', 'NICARAGUA', 'Nicaragua', 'NIC', 558),
('NE', 'NIGER', 'Niger', 'NER', 562),
('NG', 'NIGERIA', 'Nigeria', 'NGA', 566),
('NU', 'NIUE', 'Niue', 'NIU', 570),
('NF', 'NORFOLK ISLAND', 'Norfolk Island', 'NFK', 574),
('MP', 'NORTHERN MARIANA ISLANDS', 'Northern Mariana Islands', 'MNP', 580),
('NO', 'NORWAY', 'Norway', 'NOR', 578),
('OM', 'OMAN', 'Oman', 'OMN', 512),
('PK', 'PAKISTAN', 'Pakistan', 'PAK', 586),
('PW', 'PALAU', 'Palau', 'PLW', 585),
('PS', 'PALESTINIAN TERRITORY, OCCUPIED', 'Palestinian Territory, Occupied', NULL, NULL),
('PA', 'PANAMA', 'Panama', 'PAN', 591),
('PG', 'PAPUA NEW GUINEA', 'Papua New Guinea', 'PNG', 598),
('PY', 'PARAGUAY', 'Paraguay', 'PRY', 600),
('PE', 'PERU', 'Peru', 'PER', 604),
('PH', 'PHILIPPINES', 'Philippines', 'PHL', 608),
('PN', 'PITCAIRN', 'Pitcairn', 'PCN', 612),
('PL', 'POLAND', 'Poland', 'POL', 616),
('PT', 'PORTUGAL', 'Portugal', 'PRT', 620),
('PR', 'PUERTO RICO', 'Puerto Rico', 'PRI', 630),
('QA', 'QATAR', 'Qatar', 'QAT', 634),
('RE', 'REUNION', 'Reunion', 'REU', 638),
('RO', 'ROMANIA', 'Romania', 'ROM', 642),
('RU', 'RUSSIAN FEDERATION', 'Russian Federation', 'RUS', 643),
('RW', 'RWANDA', 'Rwanda', 'RWA', 646),
('SH', 'SAINT HELENA', 'Saint Helena', 'SHN', 654),
('KN', 'SAINT KITTS AND NEVIS', 'Saint Kitts and Nevis', 'KNA', 659),
('LC', 'SAINT LUCIA', 'Saint Lucia', 'LCA', 662),
('PM', 'SAINT PIERRE AND MIQUELON', 'Saint Pierre and Miquelon', 'SPM', 666),
('VC', 'SAINT VINCENT AND THE GRENADINES', 'Saint Vincent and the Grenadines', 'VCT', 670),
('WS', 'SAMOA', 'Samoa', 'WSM', 882),
('SM', 'SAN MARINO', 'San Marino', 'SMR', 674),
('ST', 'SAO TOME AND PRINCIPE', 'Sao Tome and Principe', 'STP', 678),
('SA', 'SAUDI ARABIA', 'Saudi Arabia', 'SAU', 682),
('SN', 'SENEGAL', 'Senegal', 'SEN', 686),
('CS', 'SERBIA AND MONTENEGRO', 'Serbia and Montenegro', NULL, NULL),
('SC', 'SEYCHELLES', 'Seychelles', 'SYC', 690),
('SL', 'SIERRA LEONE', 'Sierra Leone', 'SLE', 694),
('SG', 'SINGAPORE', 'Singapore', 'SGP', 702),
('SK', 'SLOVAKIA', 'Slovakia', 'SVK', 703),
('SI', 'SLOVENIA', 'Slovenia', 'SVN', 705),
('SB', 'SOLOMON ISLANDS', 'Solomon Islands', 'SLB', 90),
('SO', 'SOMALIA', 'Somalia', 'SOM', 706),
('ZA', 'SOUTH AFRICA', 'South Africa', 'ZAF', 710),
('GS', 'SOUTH GEORGIA AND THE SOUTH SANDWICH ISLANDS', 'South Georgia and the South Sandwich Islands', NULL, NULL),
('ES', 'SPAIN', 'Spain', 'ESP', 724),
('LK', 'SRI LANKA', 'Sri Lanka', 'LKA', 144),
('SD', 'SUDAN', 'Sudan', 'SDN', 736),
('SR', 'SURINAME', 'Suriname', 'SUR', 740),
('SJ', 'SVALBARD AND JAN MAYEN', 'Svalbard and Jan Mayen', 'SJM', 744),
('SZ', 'SWAZILAND', 'Swaziland', 'SWZ', 748),
('SE', 'SWEDEN', 'Sweden', 'SWE', 752),
('CH', 'SWITZERLAND', 'Switzerland', 'CHE', 756),
('SY', 'SYRIAN ARAB REPUBLIC', 'Syrian Arab Republic', 'SYR', 760),
('TW', 'TAIWAN, PROVINCE OF CHINA', 'Taiwan, Province of China', 'TWN', 158),
('TJ', 'TAJIKISTAN', 'Tajikistan', 'TJK', 762),
('TZ', 'TANZANIA, UNITED REPUBLIC OF', 'Tanzania, United Republic of', 'TZA', 834),
('TH', 'THAILAND', 'Thailand', 'THA', 764),
('TL', 'TIMOR-LESTE', 'Timor-Leste', NULL, NULL),
('TG', 'TOGO', 'Togo', 'TGO', 768),
('TK', 'TOKELAU', 'Tokelau', 'TKL', 772),
('TO', 'TONGA', 'Tonga', 'TON', 776),
('TT', 'TRINIDAD AND TOBAGO', 'Trinidad and Tobago', 'TTO', 780),
('TN', 'TUNISIA', 'Tunisia', 'TUN', 788),
('TR', 'TURKEY', 'Turkey', 'TUR', 792),
('TM', 'TURKMENISTAN', 'Turkmenistan', 'TKM', 795),
('TC', 'TURKS AND CAICOS ISLANDS', 'Turks and Caicos Islands', 'TCA', 796),
('TV', 'TUVALU', 'Tuvalu', 'TUV', 798),
('UG', 'UGANDA', 'Uganda', 'UGA', 800),
('UA', 'UKRAINE', 'Ukraine', 'UKR', 804),
('AE', 'UNITED ARAB EMIRATES', 'United Arab Emirates', 'ARE', 784),
('GB', 'UNITED KINGDOM', 'United Kingdom', 'GBR', 826),
('US', 'UNITED STATES', 'United States', 'USA', 840),
('UM', 'UNITED STATES MINOR OUTLYING ISLANDS', 'United States Minor Outlying Islands', NULL, NULL),
('UY', 'URUGUAY', 'Uruguay', 'URY', 858),
('UZ', 'UZBEKISTAN', 'Uzbekistan', 'UZB', 860),
('VU', 'VANUATU', 'Vanuatu', 'VUT', 548),
('VE', 'VENEZUELA', 'Venezuela', 'VEN', 862),
('VN', 'VIET NAM', 'Viet Nam', 'VNM', 704),
('VG', 'VIRGIN ISLANDS, BRITISH', 'Virgin Islands, British', 'VGB', 92),
('VI', 'VIRGIN ISLANDS, U.S.', 'Virgin Islands, U.s.', 'VIR', 850),
('WF', 'WALLIS AND FUTUNA', 'Wallis and Futuna', 'WLF', 876),
('EH', 'WESTERN SAHARA', 'Western Sahara', 'ESH', 732),
('YE', 'YEMEN', 'Yemen', 'YEM', 887),
('ZM', 'ZAMBIA', 'Zambia', 'ZMB', 894),
('ZW', 'ZIMBABWE', 'Zimbabwe', 'ZWE', 716),
('NN', 'OTHER', 'Other', 'N/A', 999);

-- --------------------------------------------------------

--
-- Table structure for table `bf_coursebank`
--

CREATE TABLE IF NOT EXISTS `bf_coursebank` (
  `id` int(9) NOT NULL AUTO_INCREMENT,
  `course_name` varchar(100) NOT NULL,
  `dept_id` int(11) NOT NULL,
  `deleted` tinyint(1) NOT NULL DEFAULT '0',
  `status` tinyint(1) NOT NULL DEFAULT '1',
  PRIMARY KEY (`id`),
  KEY `course_name` (`course_name`)
) ENGINE=MyISAM  DEFAULT CHARSET=utf8 AUTO_INCREMENT=7 ;

--
-- Dumping data for table `bf_coursebank`
--

INSERT INTO `bf_coursebank` (`id`, `course_name`, `dept_id`, `deleted`, `status`) VALUES
(1, 'English Studies', 1, 0, 1),
(2, 'Mass Communication', 2, 0, 1),
(3, 'History and International Studies', 3, 0, 1),
(4, 'Linquistics and Yoruba', 5, 0, 1),
(5, 'Yoruba', 5, 0, 1),
(6, 'Accounting', 1, 0, 1);

-- --------------------------------------------------------

--
-- Table structure for table `bf_course_registration_bank`
--

CREATE TABLE IF NOT EXISTS `bf_course_registration_bank` (
  `id` int(9) NOT NULL AUTO_INCREMENT,
  `student_id` int(11) NOT NULL,
  `progSubject_id` int(11) NOT NULL,
  `semester_session_id` int(11) NOT NULL,
  `deleted` tinyint(1) NOT NULL DEFAULT '0',
  PRIMARY KEY (`id`)
) ENGINE=MyISAM DEFAULT CHARSET=utf8 AUTO_INCREMENT=1 ;

-- --------------------------------------------------------

--
-- Table structure for table `bf_degree`
--

CREATE TABLE IF NOT EXISTS `bf_degree` (
  `id` int(9) NOT NULL AUTO_INCREMENT,
  `deg_Name` varchar(150) NOT NULL,
  `deg_Abbreviation` varchar(11) NOT NULL,
  `deleted` tinyint(1) NOT NULL DEFAULT '0',
  `status` tinyint(1) NOT NULL DEFAULT '1',
  PRIMARY KEY (`id`)
) ENGINE=MyISAM  DEFAULT CHARSET=utf8 AUTO_INCREMENT=6 ;

--
-- Dumping data for table `bf_degree`
--

INSERT INTO `bf_degree` (`id`, `deg_Name`, `deg_Abbreviation`, `deleted`, `status`) VALUES
(1, 'Bachelor of Arts', 'BA', 0, 1),
(2, 'Bachelor of Science', 'B.Sc', 0, 1),
(3, 'Bachelor of Art Education', 'BA.Edu', 0, 1),
(4, 'Bachelor of Science Education', 'BSc.Edu', 0, 1),
(5, 'L.L.B', 'L.L.B', 0, 1);

-- --------------------------------------------------------

--
-- Table structure for table `bf_department`
--

CREATE TABLE IF NOT EXISTS `bf_department` (
  `id` int(9) NOT NULL AUTO_INCREMENT,
  `dept_name` varchar(100) NOT NULL,
  `dept_code` char(4) DEFAULT NULL,
  `fac_id` int(11) unsigned NOT NULL,
  `user_id` int(11) NOT NULL,
  `deleted` tinyint(1) NOT NULL DEFAULT '0',
  `status` tinyint(1) NOT NULL DEFAULT '1',
  PRIMARY KEY (`id`)
) ENGINE=MyISAM  DEFAULT CHARSET=utf8 AUTO_INCREMENT=6 ;

--
-- Dumping data for table `bf_department`
--

INSERT INTO `bf_department` (`id`, `dept_name`, `dept_code`, `fac_id`, `user_id`, `deleted`, `status`) VALUES
(1, 'SAD', NULL, 1, 0, 0, 1),
(2, 'Public Administration', NULL, 6, 2, 0, 1),
(3, 'Enterpreneurship', '', 7, 0, 0, 1),
(4, 'General Studies', '', 7, 0, 0, 1),
(5, 'Linguistics', '', 2, 0, 0, 1);

-- --------------------------------------------------------

--
-- Table structure for table `bf_education`
--

CREATE TABLE IF NOT EXISTS `bf_education` (
  `id` int(9) NOT NULL AUTO_INCREMENT,
  `user_id` int(11) NOT NULL,
  `institution` varchar(100) NOT NULL,
  `program` varchar(100) DEFAULT NULL,
  `startDate` date NOT NULL,
  `endDate` date NOT NULL,
  `certificate` varchar(100) NOT NULL,
  `grade` text,
  `deleted` tinyint(1) NOT NULL DEFAULT '0',
  PRIMARY KEY (`id`)
) ENGINE=MyISAM  DEFAULT CHARSET=utf8 AUTO_INCREMENT=3 ;

--
-- Dumping data for table `bf_education`
--

INSERT INTO `bf_education` (`id`, `user_id`, `institution`, `program`, `startDate`, `endDate`, `certificate`, `grade`, `deleted`) VALUES
(1, 1, 'university of bedfordshire', 'busness information systems', '2010-10-10', '2011-11-26', 'MSc', '2.2', 0),
(2, 1, 'CAC Adu Memorial High School', '', '1992-09-06', '1999-05-28', 'SSCE', 'Eng A3, Math A5, PHY A3, CHE C4, Bio D7', 0);

-- --------------------------------------------------------

--
-- Table structure for table `bf_emergency_contact`
--

CREATE TABLE IF NOT EXISTS `bf_emergency_contact` (
  `id` int(9) NOT NULL AUTO_INCREMENT,
  `user_id` int(11) NOT NULL,
  `uec_fullname` varchar(100) DEFAULT NULL,
  `uec_contact` varchar(10) DEFAULT NULL,
  `uec_relation` smallint(6) NOT NULL,
  PRIMARY KEY (`id`)
) ENGINE=MyISAM DEFAULT CHARSET=utf8 AUTO_INCREMENT=1 ;

-- --------------------------------------------------------

--
-- Table structure for table `bf_faculty`
--

CREATE TABLE IF NOT EXISTS `bf_faculty` (
  `id` int(9) NOT NULL AUTO_INCREMENT,
  `fac_name` varchar(100) NOT NULL,
  `fac_code` char(2) DEFAULT NULL,
  `user_id` int(11) NOT NULL,
  `deleted` tinyint(1) NOT NULL DEFAULT '0',
  `status` tinyint(1) NOT NULL DEFAULT '1',
  PRIMARY KEY (`id`)
) ENGINE=MyISAM  DEFAULT CHARSET=utf8 AUTO_INCREMENT=9 ;

--
-- Dumping data for table `bf_faculty`
--

INSERT INTO `bf_faculty` (`id`, `fac_name`, `fac_code`, `user_id`, `deleted`, `status`) VALUES
(1, 'ddfdf', '00', 1, 1, 2),
(2, 'Arts', '01', 0, 0, 1),
(3, 'Education', '02', 0, 0, 1),
(4, 'Law', '03', 2, 0, 1),
(5, 'Science', '04', 0, 0, 1),
(6, 'Social and Management Sciences', '05', 0, 0, 1),
(7, 'Management Sciences', '06', 0, 0, 1),
(8, 'Campus-wide', '07', 0, 0, 2);

-- --------------------------------------------------------

--
-- Stand-in structure for view `bf_lga_view`
--
CREATE TABLE IF NOT EXISTS `bf_lga_view` (
`id` int(9)
,`lga_name` varchar(80)
,`literacy` int(6)
,`state` varchar(80)
,`country` varchar(80)
,`deleted` tinyint(1)
);
-- --------------------------------------------------------

--
-- Table structure for table `bf_local_government`
--

CREATE TABLE IF NOT EXISTS `bf_local_government` (
  `id` int(9) NOT NULL AUTO_INCREMENT,
  `state_id` int(11) NOT NULL,
  `lga_name` varchar(80) NOT NULL,
  `literacy` int(6) DEFAULT '100',
  `deleted` tinyint(1) NOT NULL DEFAULT '0',
  PRIMARY KEY (`id`),
  KEY `state_id` (`state_id`)
) ENGINE=MyISAM  DEFAULT CHARSET=utf8 AUTO_INCREMENT=776 ;

--
-- Dumping data for table `bf_local_government`
--

INSERT INTO `bf_local_government` (`id`, `state_id`, `lga_name`, `literacy`, `deleted`) VALUES
(1, 403, 'Aba North', 100, 0),
(2, 403, 'Aba South', 100, 0),
(3, 403, 'Arochukwu', 100, 0),
(4, 403, 'Bende', 100, 0),
(5, 403, 'Ikwuano', 100, 0),
(6, 403, 'Isiala Ngwa North', 100, 0),
(7, 403, 'Isiala Ngwa South', 100, 0),
(8, 403, 'Isuikwuato', 100, 0),
(9, 403, 'Obi Ngwa', 100, 0),
(10, 403, 'Ohafia', 100, 0),
(11, 403, 'Osisioma', 100, 0),
(12, 403, 'Ugwunagbo', 100, 0),
(13, 403, 'Ukwa East', 100, 0),
(14, 403, 'Ukwa West', 100, 0),
(15, 403, 'Umuahia North', 100, 0),
(16, 403, 'Umuahia South', 100, 0),
(17, 403, 'Umu Nneochi', 100, 0),
(18, 404, 'Demsa', 100, 0),
(19, 404, 'Fufure', 100, 0),
(20, 404, 'Ganye', 100, 0),
(21, 404, 'Gayuk', 100, 0),
(22, 404, 'Gombi', 100, 0),
(23, 404, 'Grie', 100, 0),
(24, 404, 'Hong', 100, 0),
(25, 404, 'Jada', 100, 0),
(26, 404, 'Lamurde', 100, 0),
(27, 404, 'Madagali', 100, 0),
(28, 404, 'Maiha', 100, 0),
(29, 404, 'Mayo Belwa', 100, 0),
(30, 404, 'Michika', 100, 0),
(31, 404, 'Mubi North', 100, 0),
(32, 404, 'Mubi South', 100, 0),
(33, 404, 'Numan', 100, 0),
(34, 404, 'Shelleng', 100, 0),
(35, 404, 'Song', 100, 0),
(36, 404, 'Toungo', 100, 0),
(37, 404, 'Yola North', 100, 0),
(38, 404, 'Yola South', 100, 0),
(39, 405, 'Abak', 100, 0),
(40, 405, 'Eastern Obolo', 100, 0),
(41, 405, 'Eket', 100, 0),
(42, 405, 'Esit Eket', 100, 0),
(43, 405, 'Essien Udim', 100, 0),
(44, 405, 'Etim Ekpo', 100, 0),
(45, 405, 'Etinan', 100, 0),
(46, 405, 'Ibeno', 100, 0),
(47, 405, 'Ibesikpo Asutan', 100, 0),
(48, 405, 'Ibiono-Ibom', 100, 0),
(49, 405, 'Ika', 100, 0),
(50, 405, 'Ikono', 100, 0),
(51, 405, 'Ikot Abasi', 100, 0),
(52, 405, 'Ikot Ekpene', 100, 0),
(53, 405, 'Ini', 100, 0),
(54, 405, 'Itu', 100, 0),
(55, 405, 'Mbo', 100, 0),
(56, 405, 'Mkpat-Enin', 100, 0),
(57, 405, 'Nsit-Atai', 100, 0),
(58, 405, 'Nsit-Ibom', 100, 0),
(59, 405, 'Nsit-Ubium', 100, 0),
(60, 405, 'Obot Akara', 100, 0),
(61, 405, 'Okobo', 100, 0),
(62, 405, 'Onna', 100, 0),
(63, 405, 'Oron', 100, 0),
(64, 405, 'Oruk Anam', 100, 0),
(65, 405, 'Udung-Uko', 100, 0),
(66, 405, 'Ukanafun', 100, 0),
(67, 405, 'Uruan', 100, 0),
(68, 405, 'Urue-Offong - Oruko', 100, 0),
(69, 405, 'Uyo', 100, 0),
(70, 406, 'Aguata', 100, 0),
(71, 406, 'Anambra East', 100, 0),
(72, 406, 'Anambra West', 100, 0),
(73, 406, 'Anaocha', 100, 0),
(74, 406, 'Awka North', 100, 0),
(75, 406, 'Awka South', 100, 0),
(76, 406, 'Ayamelum', 100, 0),
(77, 406, 'Dunukofia', 100, 0),
(78, 406, 'Ekwusigo', 100, 0),
(79, 406, 'Idemili North', 100, 0),
(80, 406, 'Idemili South', 100, 0),
(81, 406, 'Ihiala', 100, 0),
(82, 406, 'Njikoka', 100, 0),
(83, 406, 'Nnewi North', 100, 0),
(84, 406, 'Nnewi South', 100, 0),
(85, 406, 'Ogbaru', 100, 0),
(86, 406, 'Onitsha North', 100, 0),
(87, 406, 'Onitsha South', 100, 0),
(88, 406, 'Orumba North', 100, 0),
(89, 406, 'Orumba South', 100, 0),
(90, 406, 'Oyi', 100, 0),
(91, 407, 'Alkaleri', 100, 0),
(92, 407, 'Bauchi', 100, 0),
(93, 407, 'Bogoro', 100, 0),
(94, 407, 'Damban', 100, 0),
(95, 407, 'Darazo', 100, 0),
(96, 407, 'Dass', 100, 0),
(97, 407, 'Gamawa', 100, 0),
(98, 407, 'Ganjuwa', 100, 0),
(99, 407, 'Giade', 100, 0),
(100, 407, 'Itas - Gadau', 100, 0),
(101, 407, 'Jama''are', 100, 0),
(102, 407, 'Katagum', 100, 0),
(103, 407, 'Kirfi', 100, 0),
(104, 407, 'Misau', 100, 0),
(105, 407, 'Ningi', 100, 0),
(106, 407, 'Shira', 100, 0),
(107, 407, 'Tafawa Balewa', 100, 0),
(108, 407, 'Toro', 100, 0),
(109, 407, 'Warji', 100, 0),
(110, 407, 'Zaki', 100, 0),
(111, 408, 'Brass', 100, 0),
(112, 408, 'Ekeremor', 100, 0),
(113, 408, 'Kolokuma - Opokuma', 100, 0),
(114, 408, 'Nembe', 100, 0),
(115, 408, 'Ogbia', 100, 0),
(116, 408, 'Sagbama', 100, 0),
(117, 408, 'Southern Ijaw', 100, 0),
(118, 408, 'Yenagoa', 100, 0),
(119, 409, 'Agatu', 100, 0),
(120, 409, 'Apa', 100, 0),
(121, 409, 'Ado', 100, 0),
(122, 409, 'Buruku', 100, 0),
(123, 409, 'Gboko', 100, 0),
(124, 409, 'Guma', 100, 0),
(125, 409, 'Gwer East', 100, 0),
(126, 409, 'Gwer West', 100, 0),
(127, 409, 'Katsina-Ala', 100, 0),
(128, 409, 'Konshisha', 100, 0),
(129, 409, 'Kwande', 100, 0),
(130, 409, 'Logo', 100, 0),
(131, 409, 'Makurdi', 100, 0),
(132, 409, 'Obi', 100, 0),
(133, 409, 'Ogbadibo', 100, 0),
(134, 409, 'Ohimini', 100, 0),
(135, 409, 'Oju', 100, 0),
(136, 409, 'Okpokwu', 100, 0),
(137, 409, 'Oturkpo', 100, 0),
(138, 409, 'Tarka', 100, 0),
(139, 409, 'Ukum', 100, 0),
(140, 409, 'Ushongo', 100, 0),
(141, 409, 'Vandeikya', 100, 0),
(142, 410, 'Abadam', 100, 0),
(143, 410, 'Askira - Uba', 100, 0),
(144, 410, 'Bama', 100, 0),
(145, 410, 'Bayo', 100, 0),
(146, 410, 'Biu', 100, 0),
(147, 410, 'Chibok', 100, 0),
(148, 410, 'Damboa', 100, 0),
(149, 410, 'Dikwa', 100, 0),
(150, 410, 'Gubio', 100, 0),
(151, 410, 'Guzamala', 100, 0),
(152, 410, 'Gwoza', 100, 0),
(153, 410, 'Hawul', 100, 0),
(154, 410, 'Jere', 100, 0),
(155, 410, 'Kaga', 100, 0),
(156, 410, 'Kala - Balge', 100, 0),
(157, 410, 'Konduga', 100, 0),
(158, 410, 'Kukawa', 100, 0),
(159, 410, 'Kwaya Kusar', 100, 0),
(160, 410, 'Mafa', 100, 0),
(161, 410, 'Magumeri', 100, 0),
(162, 410, 'Maiduguri', 100, 0),
(163, 410, 'Marte', 100, 0),
(164, 410, 'Mobbar', 100, 0),
(165, 410, 'Monguno', 100, 0),
(166, 410, 'Ngala', 100, 0),
(167, 410, 'Nganzai', 100, 0),
(168, 410, 'Shani', 100, 0),
(169, 411, 'Abi', 100, 0),
(170, 411, 'Akamkpa', 100, 0),
(171, 411, 'Akpabuyo', 100, 0),
(172, 411, 'Bakassi', 100, 0),
(173, 411, 'Bekwarra', 100, 0),
(174, 411, 'Biase', 100, 0),
(175, 411, 'Boki', 100, 0),
(176, 411, 'Calabar Municipal', 100, 0),
(177, 411, 'Calabar South', 100, 0),
(178, 411, 'Etung', 100, 0),
(179, 411, 'Ikom', 100, 0),
(180, 411, 'Obanliku', 100, 0),
(181, 411, 'Obubra', 100, 0),
(182, 411, 'Obudu', 100, 0),
(183, 411, 'Odukpani', 100, 0),
(184, 411, 'Ogoja', 100, 0),
(185, 411, 'Yakuur', 100, 0),
(186, 411, 'Yala', 100, 0),
(187, 412, 'Aniocha North', 100, 0),
(188, 412, 'Aniocha South', 100, 0),
(189, 412, 'Bomadi', 100, 0),
(190, 412, 'Burutu', 100, 0),
(191, 412, 'Ethiope East', 100, 0),
(192, 412, 'Ethiope West', 100, 0),
(193, 412, 'Ika North East', 100, 0),
(194, 412, 'Ika South', 100, 0),
(195, 412, 'Isoko North', 100, 0),
(196, 412, 'Isoko South', 100, 0),
(197, 412, 'Ndokwa East', 100, 0),
(198, 412, 'Ndokwa West', 100, 0),
(199, 412, 'Okpe', 100, 0),
(200, 412, 'Oshimili North', 100, 0),
(201, 412, 'Oshimili South', 100, 0),
(202, 412, 'Patani', 100, 0),
(203, 412, 'Sapele', 100, 0),
(204, 412, 'Udu', 100, 0),
(205, 412, 'Ughelli North', 100, 0),
(206, 412, 'Ughelli South', 100, 0),
(207, 412, 'Ukwuani', 100, 0),
(208, 412, 'Uvwie', 100, 0),
(209, 412, 'Warri North', 100, 0),
(210, 412, 'Warri South', 100, 0),
(211, 412, 'Warri South West', 100, 0),
(212, 413, 'Abakaliki', 100, 0),
(213, 413, 'Afikpo North', 100, 0),
(214, 413, 'Afikpo South', 100, 0),
(215, 413, 'Ebonyi', 100, 0),
(216, 413, 'Ezza North', 100, 0),
(217, 413, 'Ezza South', 100, 0),
(218, 413, 'Ikwo', 100, 0),
(219, 413, 'Ishielu', 100, 0),
(220, 413, 'Ivo', 100, 0),
(221, 413, 'Izzi', 100, 0),
(222, 413, 'Ohaozara', 100, 0),
(223, 413, 'Ohaukwu', 100, 0),
(224, 413, 'Onicha', 100, 0),
(225, 414, 'Akoko-Edo', 100, 0),
(226, 414, 'Egor', 100, 0),
(227, 414, 'Esan Central', 100, 0),
(228, 414, 'Esan North-East', 100, 0),
(229, 414, 'Esan South-East', 100, 0),
(230, 414, 'Esan West', 100, 0),
(231, 414, 'Etsako Central', 100, 0),
(232, 414, 'Etsako East', 100, 0),
(233, 414, 'Etsako West', 100, 0),
(234, 414, 'Igueben', 100, 0),
(235, 414, 'Ikpoba Okha', 100, 0),
(236, 414, 'Orhionmwon', 100, 0),
(237, 414, 'Oredo', 100, 0),
(238, 414, 'Ovia North-East', 100, 0),
(239, 414, 'Ovia South-West', 100, 0),
(240, 414, 'Owan East', 100, 0),
(241, 414, 'Owan West', 100, 0),
(242, 414, 'Uhunmwonde', 100, 0),
(243, 415, 'Ado Ekiti', 100, 0),
(244, 415, 'Efon', 100, 0),
(245, 415, 'Ekiti East', 100, 0),
(246, 415, 'Ekiti South-West', 100, 0),
(247, 415, 'Ekiti West', 100, 0),
(248, 415, 'Emure', 100, 0),
(249, 415, 'Gbonyin', 100, 0),
(250, 415, 'Ido Osi', 100, 0),
(251, 415, 'Ijero', 100, 0),
(252, 415, 'Ikere', 100, 0),
(253, 415, 'Ikole', 100, 0),
(254, 415, 'Ilejemeje', 100, 0),
(255, 415, 'Irepodun - Ifelodun', 100, 0),
(256, 415, 'Ise - Orun', 100, 0),
(257, 415, 'Moba', 100, 0),
(258, 415, 'Oye', 100, 0),
(259, 416, 'Aninri', 100, 0),
(260, 416, 'Awgu', 100, 0),
(261, 416, 'Enugu East', 100, 0),
(262, 416, 'Enugu North', 100, 0),
(263, 416, 'Enugu South', 100, 0),
(264, 416, 'Ezeagu', 100, 0),
(265, 416, 'Igbo Etiti', 100, 0),
(266, 416, 'Igbo Eze North', 100, 0),
(267, 416, 'Igbo Eze South', 100, 0),
(268, 416, 'Isi Uzo', 100, 0),
(269, 416, 'Nkanu East', 100, 0),
(270, 416, 'Nkanu West', 100, 0),
(271, 416, 'Nsukka', 100, 0),
(272, 416, 'Oji River', 100, 0),
(273, 416, 'Udenu', 100, 0),
(274, 416, 'Udi', 100, 0),
(275, 416, 'Uzo Uwani', 100, 0),
(276, 417, 'Abaji', 100, 0),
(277, 417, 'Bwari', 100, 0),
(278, 417, 'Gwagwalada', 100, 0),
(279, 417, 'Kuje', 100, 0),
(280, 417, 'Kwali', 100, 0),
(281, 417, 'Municipal Area Council', 100, 0),
(282, 418, 'Akko', 100, 0),
(283, 418, 'Balanga', 100, 0),
(284, 418, 'Billiri', 100, 0),
(285, 418, 'Dukku', 100, 0),
(286, 418, 'Funakaye', 100, 0),
(287, 418, 'Gombe', 100, 0),
(288, 418, 'Kaltungo', 100, 0),
(289, 418, 'Kwami', 100, 0),
(290, 418, 'Nafada', 100, 0),
(291, 418, 'Shongom', 100, 0),
(292, 418, 'Yamaltu - Deba', 100, 0),
(293, 419, 'Aboh Mbaise', 100, 0),
(294, 419, 'Ahiazu Mbaise', 100, 0),
(295, 419, 'Ehime Mbano', 100, 0),
(296, 419, 'Ezinihitte', 100, 0),
(297, 419, 'Ideato North', 100, 0),
(298, 419, 'Ideato South', 100, 0),
(299, 419, 'Ihitte - Uboma', 100, 0),
(300, 419, 'Ikeduru', 100, 0),
(301, 419, 'Isiala Mbano', 100, 0),
(302, 419, 'Isu', 100, 0),
(303, 419, 'Mbaitoli', 100, 0),
(304, 419, 'Ngor Okpala', 100, 0),
(305, 419, 'Njaba', 100, 0),
(306, 419, 'Nkwerre', 100, 0),
(307, 419, 'Nwangele', 100, 0),
(308, 419, 'Obowo', 100, 0),
(309, 419, 'Oguta', 100, 0),
(310, 419, 'Ohaji - Egbema', 100, 0),
(311, 419, 'Okigwe', 100, 0),
(312, 419, 'Orlu', 100, 0),
(313, 419, 'Orsu', 100, 0),
(314, 419, 'Oru East', 100, 0),
(315, 419, 'Oru West', 100, 0),
(316, 419, 'Owerri Municipal', 100, 0),
(317, 419, 'Owerri North', 100, 0),
(318, 419, 'Owerri West', 100, 0),
(319, 419, 'Unuimo', 100, 0),
(320, 420, 'Auyo', 100, 0),
(321, 420, 'Babura', 100, 0),
(322, 420, 'Biriniwa', 100, 0),
(323, 420, 'Birnin Kudu', 100, 0),
(324, 420, 'Buji', 100, 0),
(325, 420, 'Dutse', 100, 0),
(326, 420, 'Gagarawa', 100, 0),
(327, 420, 'Garki', 100, 0),
(328, 420, 'Gumel', 100, 0),
(329, 420, 'Guri', 100, 0),
(330, 420, 'Gwaram', 100, 0),
(331, 420, 'Gwiwa', 100, 0),
(332, 420, 'Hadejia', 100, 0),
(333, 420, 'Jahun', 100, 0),
(334, 420, 'Kafin Hausa', 100, 0),
(335, 420, 'Kazaure', 100, 0),
(336, 420, 'Kiri Kasama', 100, 0),
(337, 420, 'Kiyawa', 100, 0),
(338, 420, 'Kaugama', 100, 0),
(339, 420, 'Maigatari', 100, 0),
(340, 420, 'Malam Madori', 100, 0),
(341, 420, 'Miga', 100, 0),
(342, 420, 'Ringim', 100, 0),
(343, 420, 'Roni', 100, 0),
(344, 420, 'Sule Tankarkar', 100, 0),
(345, 420, 'Taura', 100, 0),
(346, 420, 'Yankwashi', 100, 0),
(347, 421, 'Birnin Gwari', 100, 0),
(348, 421, 'Chikun', 100, 0),
(349, 421, 'Giwa', 100, 0),
(350, 421, 'Igabi', 100, 0),
(351, 421, 'Ikara', 100, 0),
(352, 421, 'Jaba', 100, 0),
(353, 421, 'Jema''a', 100, 0),
(354, 421, 'Kachia', 100, 0),
(355, 421, 'Kaduna North', 100, 0),
(356, 421, 'Kaduna South', 100, 0),
(357, 421, 'Kagarko', 100, 0),
(358, 421, 'Kajuru', 100, 0),
(359, 421, 'Kaura', 100, 0),
(360, 421, 'Kauru', 100, 0),
(361, 421, 'Kubau', 100, 0),
(362, 421, 'Kudan', 100, 0),
(363, 421, 'Lere', 100, 0),
(364, 421, 'Makarfi', 100, 0),
(365, 421, 'Sabon Gari', 100, 0),
(366, 421, 'Sanga', 100, 0),
(367, 421, 'Soba', 100, 0),
(368, 421, 'Zangon Kataf', 100, 0),
(369, 421, 'Zaria', 100, 0),
(370, 422, 'Ajingi', 100, 0),
(371, 422, 'Albasu', 100, 0),
(372, 422, 'Bagwai', 100, 0),
(373, 422, 'Bebeji', 100, 0),
(374, 422, 'Bichi', 100, 0),
(375, 422, 'Bunkure', 100, 0),
(376, 422, 'Dala', 100, 0),
(377, 422, 'Dambatta', 100, 0),
(378, 422, 'Dawakin Kudu', 100, 0),
(379, 422, 'Dawakin Tofa', 100, 0),
(380, 422, 'Doguwa', 100, 0),
(381, 422, 'Fagge', 100, 0),
(382, 422, 'Gabasawa', 100, 0),
(383, 422, 'Garko', 100, 0),
(384, 422, 'Garun Mallam', 100, 0),
(385, 422, 'Gaya', 100, 0),
(386, 422, 'Gezawa', 100, 0),
(387, 422, 'Gwale', 100, 0),
(388, 422, 'Gwarzo', 100, 0),
(389, 422, 'Kabo', 100, 0),
(390, 422, 'Kano Municipal', 100, 0),
(391, 422, 'Karaye', 100, 0),
(392, 422, 'Kibiya', 100, 0),
(393, 422, 'Kiru', 100, 0),
(394, 422, 'Kumbotso', 100, 0),
(395, 422, 'Kunchi', 100, 0),
(396, 422, 'Kura', 100, 0),
(397, 422, 'Madobi', 100, 0),
(398, 422, 'Makoda', 100, 0),
(399, 422, 'Minjibir', 100, 0),
(400, 422, 'Nasarawa', 100, 0),
(401, 422, 'Rano', 100, 0),
(402, 422, 'Rimin Gado', 100, 0),
(403, 422, 'Rogo', 100, 0),
(404, 422, 'Shanono', 100, 0),
(405, 422, 'Sumaila', 100, 0),
(406, 422, 'Takai', 100, 0),
(407, 422, 'Tarauni', 100, 0),
(408, 422, 'Tofa', 100, 0),
(409, 422, 'Tsanyawa', 100, 0),
(410, 422, 'Tudun Wada', 100, 0),
(411, 422, 'Ungogo', 100, 0),
(412, 422, 'Warawa', 100, 0),
(413, 422, 'Wudil', 100, 0),
(414, 423, 'Bakori', 100, 0),
(415, 423, 'Batagarawa', 100, 0),
(416, 423, 'Batsari', 100, 0),
(417, 423, 'Baure', 100, 0),
(418, 423, 'Bindawa', 100, 0),
(419, 423, 'Charanchi', 100, 0),
(420, 423, 'Dandume', 100, 0),
(421, 423, 'Danja', 100, 0),
(422, 423, 'Dan Musa', 100, 0),
(423, 423, 'Daura', 100, 0),
(424, 423, 'Dutsi', 100, 0),
(425, 423, 'Dutsin Ma', 100, 0),
(426, 423, 'Faskari', 100, 0),
(427, 423, 'Funtua', 100, 0),
(428, 423, 'Ingawa', 100, 0),
(429, 423, 'Jibia', 100, 0),
(430, 423, 'Kafur', 100, 0),
(431, 423, 'Kaita', 100, 0),
(432, 423, 'Kankara', 100, 0),
(433, 423, 'Kankia', 100, 0),
(434, 423, 'Katsina', 100, 0),
(435, 423, 'Kurfi', 100, 0),
(436, 423, 'Kusada', 100, 0),
(437, 423, 'Mai''Adua', 100, 0),
(438, 423, 'Malumfashi', 100, 0),
(439, 423, 'Mani', 100, 0),
(440, 423, 'Mashi', 100, 0),
(441, 423, 'Matazu', 100, 0),
(442, 423, 'Musawa', 100, 0),
(443, 423, 'Rimi', 100, 0),
(444, 423, 'Sabuwa', 100, 0),
(445, 423, 'Safana', 100, 0),
(446, 423, 'Sandamu', 100, 0),
(447, 423, 'Zango', 100, 0),
(448, 424, 'Aleiro', 100, 0),
(449, 424, 'Arewa Dandi', 100, 0),
(450, 424, 'Argungu', 100, 0),
(451, 424, 'Augie', 100, 0),
(452, 424, 'Bagudo', 100, 0),
(453, 424, 'Birnin Kebbi', 100, 0),
(454, 424, 'Bunza', 100, 0),
(455, 424, 'Dandi', 100, 0),
(456, 424, 'Fakai', 100, 0),
(457, 424, 'Gwandu', 100, 0),
(458, 424, 'Jega', 100, 0),
(459, 424, 'Kalgo', 100, 0),
(460, 424, 'Koko - Besse', 100, 0),
(461, 424, 'Maiyama', 100, 0),
(462, 424, 'Ngaski', 100, 0),
(463, 424, 'Sakaba', 100, 0),
(464, 424, 'Shanga', 100, 0),
(465, 424, 'Suru', 100, 0),
(466, 424, 'Wasagu - Danko', 100, 0),
(467, 424, 'Yauri', 100, 0),
(468, 424, 'Zuru', 100, 0),
(469, 425, 'Adavi', 100, 0),
(470, 425, 'Ajaokuta', 100, 0),
(471, 425, 'Ankpa', 100, 0),
(472, 425, 'Bassa', 100, 0),
(473, 425, 'Dekina', 100, 0),
(474, 425, 'Ibaji', 100, 0),
(475, 425, 'Idah', 100, 0),
(476, 425, 'Igalamela Odolu', 100, 0),
(477, 425, 'Ijumu', 100, 0),
(478, 425, 'Kabba - Bunu', 100, 0),
(479, 425, 'Kogi', 100, 0),
(480, 425, 'Lokoja', 100, 0),
(481, 425, 'Mopa Muro', 100, 0),
(482, 425, 'Ofu', 100, 0),
(483, 425, 'Ogori - Magongo', 100, 0),
(484, 425, 'Okehi', 100, 0),
(485, 425, 'Okene', 100, 0),
(486, 425, 'Olamaboro', 100, 0),
(487, 425, 'Omala', 100, 0),
(488, 425, 'Yagba East', 100, 0),
(489, 425, 'Yagba West', 100, 0),
(490, 426, 'Asa', 100, 0),
(491, 426, 'Baruten', 100, 0),
(492, 426, 'Edu', 100, 0),
(493, 426, 'Ekiti', 100, 0),
(494, 426, 'Ifelodun', 100, 0),
(495, 426, 'Ilorin East', 100, 0),
(496, 426, 'Ilorin South', 100, 0),
(497, 426, 'Ilorin West', 100, 0),
(498, 426, 'Irepodun', 100, 0),
(499, 426, 'Isin', 100, 0),
(500, 426, 'Kaiama', 100, 0),
(501, 426, 'Moro', 100, 0),
(502, 426, 'Offa', 100, 0),
(503, 426, 'Oke Ero', 100, 0),
(504, 426, 'Oyun', 100, 0),
(505, 426, 'Pategi', 100, 0),
(506, 427, 'Agege', 100, 0),
(507, 427, 'Ajeromi-Ifelodun', 100, 0),
(508, 427, 'Alimosho', 100, 0),
(509, 427, 'Amuwo-Odofin', 100, 0),
(510, 427, 'Apapa', 100, 0),
(511, 427, 'Badagry', 100, 0),
(512, 427, 'Epe', 100, 0),
(513, 427, 'Eti Osa', 100, 0),
(514, 427, 'Ibeju-Lekki', 100, 0),
(515, 427, 'Ifako-Ijaiye', 100, 0),
(516, 427, 'Ikeja', 100, 0),
(517, 427, 'Ikorodu', 100, 0),
(518, 427, 'Kosofe', 100, 0),
(519, 427, 'Lagos Island', 100, 0),
(520, 427, 'Lagos Mainland', 100, 0),
(521, 427, 'Mushin', 100, 0),
(522, 427, 'Ojo', 100, 0),
(523, 427, 'Oshodi-Isolo', 100, 0),
(524, 427, 'Shomolu', 100, 0),
(525, 427, 'Surulere', 100, 0),
(526, 428, 'Akwanga', 100, 0),
(527, 428, 'Awe', 100, 0),
(528, 428, 'Doma', 100, 0),
(529, 428, 'Karu', 100, 0),
(530, 428, 'Keana', 100, 0),
(531, 428, 'Keffi', 100, 0),
(532, 428, 'Kokona', 100, 0),
(533, 428, 'Lafia', 100, 0),
(534, 428, 'Nasarawa', 100, 0),
(535, 428, 'Nasarawa Egon', 100, 0),
(536, 428, 'Obi', 100, 0),
(537, 428, 'Toto', 100, 0),
(538, 428, 'Wamba', 100, 0),
(539, 429, 'Agaie', 100, 0),
(540, 429, 'Agwara', 100, 0),
(541, 429, 'Bida', 100, 0),
(542, 429, 'Borgu', 100, 0),
(543, 429, 'Bosso', 100, 0),
(544, 429, 'Chanchaga', 100, 0),
(545, 429, 'Edati', 100, 0),
(546, 429, 'Gbako', 100, 0),
(547, 429, 'Gurara', 100, 0),
(548, 429, 'Katcha', 100, 0),
(549, 429, 'Kontagora', 100, 0),
(550, 429, 'Lapai', 100, 0),
(551, 429, 'Lavun', 100, 0),
(552, 429, 'Magama', 100, 0),
(553, 429, 'Mariga', 100, 0),
(554, 429, 'Mashegu', 100, 0),
(555, 429, 'Mokwa', 100, 0),
(556, 429, 'Moya', 100, 0),
(557, 429, 'Paikoro', 100, 0),
(558, 429, 'Rafi', 100, 0),
(559, 429, 'Rijau', 100, 0),
(560, 429, 'Shiroro', 100, 0),
(561, 429, 'Suleja', 100, 0),
(562, 429, 'Tafa', 100, 0),
(563, 429, 'Wushishi', 100, 0),
(564, 430, 'Abeokuta North', 100, 0),
(565, 430, 'Abeokuta South', 100, 0),
(566, 430, 'Ado-Odo - Ota', 100, 0),
(567, 430, 'Egbado North', 100, 0),
(568, 430, 'Egbado South', 100, 0),
(569, 430, 'Ewekoro', 100, 0),
(570, 430, 'Ifo', 100, 0),
(571, 430, 'Ijebu East', 100, 0),
(572, 430, 'Ijebu North', 100, 0),
(573, 430, 'Ijebu North East', 100, 0),
(574, 430, 'Ijebu Ode', 100, 0),
(575, 430, 'Ikenne', 100, 0),
(576, 430, 'Imeko Afon', 100, 0),
(577, 430, 'Ipokia', 100, 0),
(578, 430, 'Obafemi Owode', 100, 0),
(579, 430, 'Odeda', 100, 0),
(580, 430, 'Odogbolu', 100, 0),
(581, 430, 'Ogun Waterside', 100, 0),
(582, 430, 'Remo North', 100, 0),
(583, 430, 'Shagamu', 100, 0),
(584, 431, 'Akoko North-East', 100, 0),
(585, 431, 'Akoko North-West', 100, 0),
(586, 431, 'Akoko South-West', 100, 0),
(587, 431, 'Akoko South-East', 100, 0),
(588, 431, 'Akure North', 100, 0),
(589, 431, 'Akure South', 100, 0),
(590, 431, 'Ese Odo', 100, 0),
(591, 431, 'Idanre', 100, 0),
(592, 431, 'Ifedore', 100, 0),
(593, 431, 'Ilaje', 100, 0),
(594, 431, 'Ile Oluji - Okeigbo', 100, 0),
(595, 431, 'Irele', 100, 0),
(596, 431, 'Odigbo', 100, 0),
(597, 431, 'Okitipupa', 100, 0),
(598, 431, 'Ondo East', 100, 0),
(599, 431, 'Ondo West', 100, 0),
(600, 431, 'Ose', 100, 0),
(601, 431, 'Owo', 100, 0),
(602, 432, 'Atakunmosa East', 100, 0),
(603, 432, 'Atakunmosa West', 100, 0),
(604, 432, 'Aiyedaade', 100, 0),
(605, 432, 'Aiyedire', 100, 0),
(606, 432, 'Boluwaduro', 100, 0),
(607, 432, 'Boripe', 100, 0),
(608, 432, 'Ede North', 100, 0),
(609, 432, 'Ede South', 100, 0),
(610, 432, 'Ife Central', 100, 0),
(611, 432, 'Ife East', 100, 0),
(612, 432, 'Ife North', 100, 0),
(613, 432, 'Ife South', 100, 0),
(614, 432, 'Egbedore', 100, 0),
(615, 432, 'Ejigbo', 100, 0),
(616, 432, 'Ifedayo', 100, 0),
(617, 432, 'Ifelodun', 100, 0),
(618, 432, 'Ila', 100, 0),
(619, 432, 'Ilesa East', 100, 0),
(620, 432, 'Ilesa West', 100, 0),
(621, 432, 'Irepodun', 100, 0),
(622, 432, 'Irewole', 100, 0),
(623, 432, 'Isokan', 100, 0),
(624, 432, 'Iwo', 100, 0),
(625, 432, 'Obokun', 100, 0),
(626, 432, 'Odo Otin', 100, 0),
(627, 432, 'Ola Oluwa', 100, 0),
(628, 432, 'Olorunda', 100, 0),
(629, 432, 'Oriade', 100, 0),
(630, 432, 'Orolu', 100, 0),
(631, 432, 'Osogbo', 100, 0),
(632, 433, 'Afijio', 100, 0),
(633, 433, 'Akinyele', 100, 0),
(634, 433, 'Atiba', 100, 0),
(635, 433, 'Atisbo', 100, 0),
(636, 433, 'Egbeda', 100, 0),
(637, 433, 'Ibadan North', 100, 0),
(638, 433, 'Ibadan North-East', 100, 0),
(639, 433, 'Ibadan North-West', 100, 0),
(640, 433, 'Ibadan South-East', 100, 0),
(641, 433, 'Ibadan South-West', 100, 0),
(642, 433, 'Ibarapa Central', 100, 0),
(643, 433, 'Ibarapa East', 100, 0),
(644, 433, 'Ibarapa North', 100, 0),
(645, 433, 'Ido', 100, 0),
(646, 433, 'Irepo', 100, 0),
(647, 433, 'Iseyin', 100, 0),
(648, 433, 'Itesiwaju', 100, 0),
(649, 433, 'Iwajowa', 100, 0),
(650, 433, 'Kajola', 100, 0),
(651, 433, 'Lagelu', 100, 0),
(652, 433, 'Ogbomosho North', 100, 0),
(653, 433, 'Ogbomosho South', 100, 0),
(654, 433, 'Ogo Oluwa', 100, 0),
(655, 433, 'Olorunsogo', 100, 0),
(656, 433, 'Oluyole', 100, 0),
(657, 433, 'Ona Ara', 100, 0),
(658, 433, 'Orelope', 100, 0),
(659, 433, 'Ori Ire', 100, 0),
(660, 433, 'Oyo', 100, 0),
(661, 433, 'Oyo East', 100, 0),
(662, 433, 'Saki East', 100, 0),
(663, 433, 'Saki West', 100, 0),
(664, 433, 'Surulere', 100, 0),
(665, 434, 'Bokkos', 100, 0),
(666, 434, 'Barkin Ladi', 100, 0),
(667, 434, 'Bassa', 100, 0),
(668, 434, 'Jos East', 100, 0),
(669, 434, 'Jos North', 100, 0),
(670, 434, 'Jos South', 100, 0),
(671, 434, 'Kanam', 100, 0),
(672, 434, 'Kanke', 100, 0),
(673, 434, 'Langtang South', 100, 0),
(674, 434, 'Langtang North', 100, 0),
(675, 434, 'Mangu', 100, 0),
(676, 434, 'Mikang', 100, 0),
(677, 434, 'Pankshin', 100, 0),
(678, 434, 'Qua''an Pan', 100, 0),
(679, 434, 'Riyom', 100, 0),
(680, 434, 'Shendam', 100, 0),
(681, 434, 'Wase', 100, 0),
(682, 435, 'Abua - Odual', 100, 0),
(683, 435, 'Ahoada East', 100, 0),
(684, 435, 'Ahoada West', 100, 0),
(685, 435, 'Akuku-Toru', 100, 0),
(686, 435, 'Andoni', 100, 0),
(687, 435, 'Asari-Toru', 100, 0),
(688, 435, 'Bonny', 100, 0),
(689, 435, 'Degema', 100, 0),
(690, 435, 'Eleme', 100, 0),
(691, 435, 'Emuoha', 100, 0),
(692, 435, 'Etche', 100, 0),
(693, 435, 'Gokana', 100, 0),
(694, 435, 'Ikwerre', 100, 0),
(695, 435, 'Khana', 100, 0),
(696, 435, 'Obio - Akpor', 100, 0),
(697, 435, 'Ogba - Egbema - Ndoni', 100, 0),
(698, 435, 'Ogu - Bolo', 100, 0),
(699, 435, 'Okrika', 100, 0),
(700, 435, 'Omuma', 100, 0),
(701, 435, 'Opobo - Nkoro', 100, 0),
(702, 435, 'Oyigbo', 100, 0),
(703, 435, 'Port Harcourt', 100, 0),
(704, 435, 'Tai', 100, 0),
(705, 436, 'Binji', 100, 0),
(706, 436, 'Bodinga', 100, 0),
(707, 436, 'Dange Shuni', 100, 0),
(708, 436, 'Gada', 100, 0),
(709, 436, 'Goronyo', 100, 0),
(710, 436, 'Gudu', 100, 0),
(711, 436, 'Gwadabawa', 100, 0),
(712, 436, 'Illela', 100, 0),
(713, 436, 'Isa', 100, 0),
(714, 436, 'Kebbe', 100, 0),
(715, 436, 'Kware', 100, 0),
(716, 436, 'Rabah', 100, 0),
(717, 436, 'Sabon Birni', 100, 0),
(718, 436, 'Shagari', 100, 0),
(719, 436, 'Silame', 100, 0),
(720, 436, 'Sokoto North', 100, 0),
(721, 436, 'Sokoto South', 100, 0),
(722, 436, 'Tambuwal', 100, 0),
(723, 436, 'Tangaza', 100, 0),
(724, 436, 'Tureta', 100, 0),
(725, 436, 'Wamako', 100, 0),
(726, 436, 'Wurno', 100, 0),
(727, 436, 'Yabo', 100, 0),
(728, 437, 'Ardo Kola', 100, 0),
(729, 437, 'Bali', 100, 0),
(730, 437, 'Donga', 100, 0),
(731, 437, 'Gashaka', 100, 0),
(732, 437, 'Gassol', 100, 0),
(733, 437, 'Ibi', 100, 0),
(734, 437, 'Jalingo', 100, 0),
(735, 437, 'Karim Lamido', 100, 0),
(736, 437, 'Kumi', 100, 0),
(737, 437, 'Lau', 100, 0),
(738, 437, 'Sardauna', 100, 0),
(739, 437, 'Takum', 100, 0),
(740, 437, 'Ussa', 100, 0),
(741, 437, 'Wukari', 100, 0),
(742, 437, 'Yorro', 100, 0),
(743, 437, 'Zing', 100, 0),
(744, 438, 'Bade', 100, 0),
(745, 438, 'Bursari', 100, 0),
(746, 438, 'Damaturu', 100, 0),
(747, 438, 'Fika', 100, 0),
(748, 438, 'Fune', 100, 0),
(749, 438, 'Geidam', 100, 0),
(750, 438, 'Gujba', 100, 0),
(751, 438, 'Gulani', 100, 0),
(752, 438, 'Jakusko', 100, 0),
(753, 438, 'Karasuwa', 100, 0),
(754, 438, 'Machina', 100, 0),
(755, 438, 'Nangere', NULL, 0),
(756, 438, 'Nguru', NULL, 0),
(757, 438, 'Potiskum', NULL, 0),
(758, 438, 'Tarmuwa', NULL, 0),
(759, 438, 'Yunusari', NULL, 0),
(760, 438, 'Yusufari', NULL, 0),
(761, 439, 'Anka', NULL, 0),
(762, 439, 'Bakura', NULL, 0),
(763, 439, 'Birnin Magaji - Kiyaw', NULL, 0),
(764, 439, 'Bukkuyum', NULL, 0),
(765, 439, 'Bungudu', NULL, 0),
(766, 439, 'Gummi', NULL, 0),
(767, 439, 'Gusau', NULL, 0),
(768, 439, 'Kaura Namoda', NULL, 0),
(769, 439, 'Maradun', NULL, 0),
(770, 439, 'Maru', NULL, 0),
(771, 439, 'Shinkafi', NULL, 0),
(772, 439, 'Talata Mafara', NULL, 0),
(773, 439, 'Chafe', NULL, 0),
(774, 439, 'Zurmi', NULL, 0),
(775, 440, 'Other', 0, 0);

-- --------------------------------------------------------

--
-- Table structure for table `bf_permissions`
--

CREATE TABLE IF NOT EXISTS `bf_permissions` (
  `permission_id` int(11) NOT NULL AUTO_INCREMENT,
  `name` varchar(255) NOT NULL,
  `description` varchar(100) NOT NULL,
  `status` enum('active','inactive','deleted') NOT NULL DEFAULT 'active',
  PRIMARY KEY (`permission_id`)
) ENGINE=MyISAM  DEFAULT CHARSET=utf8 AUTO_INCREMENT=134 ;

--
-- Dumping data for table `bf_permissions`
--

INSERT INTO `bf_permissions` (`permission_id`, `name`, `description`, `status`) VALUES
(2, 'Site.Content.View', 'Allow users to view the Content Context', 'active'),
(3, 'Site.Reports.View', 'Allow users to view the Reports Context', 'active'),
(4, 'Site.Settings.View', 'Allow users to view the Settings Context', 'active'),
(5, 'Site.Developer.View', 'Allow users to view the Developer Context', 'active'),
(6, 'Bonfire.Roles.Manage', 'Allow users to manage the user Roles', 'active'),
(7, 'Bonfire.Users.Manage', 'Allow users to manage the site Users', 'active'),
(8, 'Bonfire.Users.View', 'Allow users access to the User Settings', 'active'),
(9, 'Bonfire.Users.Add', 'Allow users to add new Users', 'active'),
(10, 'Bonfire.Database.Manage', 'Allow users to manage the Database settings', 'active'),
(11, 'Bonfire.Emailer.Manage', 'Allow users to manage the Emailer settings', 'active'),
(12, 'Bonfire.Logs.View', 'Allow users access to the Log details', 'active'),
(13, 'Bonfire.Logs.Manage', 'Allow users to manage the Log files', 'active'),
(14, 'Bonfire.Emailer.View', 'Allow users access to the Emailer settings', 'active'),
(15, 'Site.Signin.Offline', 'Allow users to login to the site when the site is offline', 'active'),
(16, 'Bonfire.Permissions.View', 'Allow access to view the Permissions menu unders Settings Context', 'active'),
(17, 'Bonfire.Permissions.Manage', 'Allow access to manage the Permissions in the system', 'active'),
(18, 'Bonfire.Modules.Add', 'Allow creation of modules with the builder.', 'active'),
(19, 'Bonfire.Modules.Delete', 'Allow deletion of modules.', 'active'),
(20, 'Permissions.Administrator.Manage', 'To manage the access control permissions for the Administrator role.', 'active'),
(21, 'Permissions.Editor.Manage', 'To manage the access control permissions for the Editor role.', 'active'),
(49, 'Bonfire.Roles.Add', 'To add New Roles', 'active'),
(52, 'Campus_manager.Content.Edit', 'Edit Campus_manager Content', 'active'),
(23, 'Permissions.User.Manage', 'To manage the access control permissions for the User role.', 'active'),
(24, 'Permissions.Developer.Manage', 'To manage the access control permissions for the Developer role.', 'active'),
(48, 'Bonfire.Profiler.View', 'To view the Console Profiler Bar.', 'active'),
(26, 'Activities.Own.View', 'To view the users own activity logs', 'active'),
(27, 'Activities.Own.Delete', 'To delete the users own activity logs', 'active'),
(28, 'Activities.User.View', 'To view the user activity logs', 'active'),
(29, 'Activities.User.Delete', 'To delete the user activity logs, except own', 'active'),
(30, 'Activities.Module.View', 'To view the module activity logs', 'active'),
(31, 'Activities.Module.Delete', 'To delete the module activity logs', 'active'),
(32, 'Activities.Date.View', 'To view the users own activity logs', 'active'),
(33, 'Activities.Date.Delete', 'To delete the dated activity logs', 'active'),
(34, 'Bonfire.UI.Manage', 'Manage the Bonfire UI settings', 'active'),
(35, 'Bonfire.Settings.View', 'To view the site settings page.', 'active'),
(36, 'Bonfire.Settings.Manage', 'To manage the site settings.', 'active'),
(37, 'Bonfire.Activities.View', 'To view the Activities menu.', 'active'),
(38, 'Bonfire.Database.View', 'To view the Database menu.', 'active'),
(39, 'Bonfire.Migrations.View', 'To view the Migrations menu.', 'active'),
(40, 'Bonfire.Builder.View', 'To view the Modulebuilder menu.', 'active'),
(41, 'Bonfire.Roles.View', 'To view the Roles menu.', 'active'),
(42, 'Bonfire.Sysinfo.View', 'To view the System Information page.', 'active'),
(43, 'Bonfire.Translate.Manage', 'To manage the Language Translation.', 'active'),
(44, 'Bonfire.Translate.View', 'To view the Language Translate menu.', 'active'),
(45, 'Bonfire.UI.View', 'To view the UI/Keyboard Shortcut menu.', 'active'),
(51, 'Campus_manager.Content.Create', 'Create Campus_manager Content', 'active'),
(50, 'Campus_manager.Content.View', 'View Campus_manager Content', 'active'),
(53, 'Campus_manager.Reports.View', 'View Campus_manager Reports', 'active'),
(54, 'Campus_manager.Reports.Create', 'Create Campus_manager Reports', 'active'),
(55, 'Campus_manager.Reports.Edit', 'Edit Campus_manager Reports', 'active'),
(56, 'Campus_manager.Settings.View', 'View Campus_manager Settings', 'active'),
(57, 'Campus_manager.Settings.Create', 'Create Campus_manager Settings', 'active'),
(58, 'Campus_manager.Settings.Edit', 'Edit Campus_manager Settings', 'active'),
(59, 'Campus_manager.Developer.View', 'View Campus_manager Developer', 'active'),
(60, 'Campus_manager.Developer.Create', 'Create Campus_manager Developer', 'active'),
(61, 'Campus_manager.Developer.Edit', 'Edit Campus_manager Developer', 'active'),
(62, 'Permissions.Students.Manage', 'To manage the access control permissions for the Students role.', 'active'),
(63, 'Permissions.VC.Manage', 'To manage the access control permissions for the VC role.', 'active'),
(64, 'Permissions.Bursar.Manage', 'To manage the access control permissions for the Bursar role.', 'active'),
(65, 'Permissions.Registrar.Manage', 'To manage the access control permissions for the Registrar role.', 'active'),
(66, 'Campus_manager.Content.Delete', 'Delete Campus Manager content', 'active'),
(67, 'Campus_manager.Reports.Delete', 'Delete Campus Manager report content', 'active'),
(68, 'Campus_manager.Settings.Delete', 'Delete Campus Manager settings content', 'active'),
(69, 'Campus_manager.Developer.Delete', 'Delete Campus Manager developercontent', 'active'),
(70, 'Courses.Academic.View', 'View Courses Academic', 'active'),
(71, 'Courses.Academic.Create', 'Create Courses Academic', 'active'),
(72, 'Courses.Academic.Edit', 'Edit Courses Academic', 'active'),
(73, 'Courses.Academic.Delete', 'Delete Courses Academic', 'active'),
(74, 'Courses.Content.View', 'View Courses Content', 'active'),
(75, 'Courses.Content.Create', 'Create Courses Content', 'active'),
(76, 'Courses.Content.Edit', 'Edit Courses Content', 'active'),
(77, 'Courses.Content.Delete', 'Delete Courses Content', 'active'),
(78, 'Courses.Reports.View', 'View Courses Reports', 'active'),
(79, 'Courses.Reports.Create', 'Create Courses Reports', 'active'),
(80, 'Courses.Reports.Edit', 'Edit Courses Reports', 'active'),
(81, 'Courses.Reports.Delete', 'Delete Courses Reports', 'active'),
(82, 'Courses.Settings.View', 'View Courses Settings', 'active'),
(83, 'Courses.Settings.Create', 'Create Courses Settings', 'active'),
(84, 'Courses.Settings.Edit', 'Edit Courses Settings', 'active'),
(85, 'Courses.Settings.Delete', 'Delete Courses Settings', 'active'),
(86, 'Courses.Developer.View', 'View Courses Developer', 'active'),
(87, 'Courses.Developer.Create', 'Create Courses Developer', 'active'),
(88, 'Courses.Developer.Edit', 'Edit Courses Developer', 'active'),
(89, 'Courses.Developer.Delete', 'Delete Courses Developer', 'active'),
(90, 'Basic_settings.Settings.View', 'View Basic Settings: LGA, State and so on', 'active'),
(91, 'Basic_settings.Settings.Create', 'Create Basic Settings: LGA, State and so on', 'active'),
(92, 'Basic_settings.Settings.Edit', 'Edit Basic Settings: LGA, State and so on', 'active'),
(93, 'Basic_settings.Settings.Delete', 'Delete Basic Settings: LGA, State and so on', 'active'),
(130, 'Student_Manager.Developer.View', 'View Student_Manager Developer', 'active'),
(129, 'Student_Manager.Settings.Delete', 'Delete Student_Manager Settings', 'active'),
(128, 'Student_Manager.Settings.Edit', 'Edit Student_Manager Settings', 'active'),
(127, 'Student_Manager.Settings.Create', 'Create Student_Manager Settings', 'active'),
(126, 'Student_Manager.Settings.View', 'View Student_Manager Settings', 'active'),
(125, 'Student_Manager.Reports.Delete', 'Delete Student_Manager Reports', 'active'),
(124, 'Student_Manager.Reports.Edit', 'Edit Student_Manager Reports', 'active'),
(123, 'Student_Manager.Reports.Create', 'Create Student_Manager Reports', 'active'),
(122, 'Student_Manager.Reports.View', 'View Student_Manager Reports', 'active'),
(121, 'Student_Manager.Content.Delete', 'Delete Student_Manager Content', 'active'),
(120, 'Student_Manager.Content.Edit', 'Edit Student_Manager Content', 'active'),
(119, 'Student_Manager.Content.Create', 'Create Student_Manager Content', 'active'),
(118, 'Student_Manager.Content.View', 'View Student_Manager Content', 'active'),
(117, 'Student_Manager.Academic.Delete', 'Allow user to delete Student Manager programmes.', 'active'),
(116, 'Student_Manager.Academic.Edit', 'Allow user to Manage Student Manager programmes.', 'active'),
(115, 'Student_Manager.Academic.Create', 'Allow user to Add new Student Manager programmes.', 'active'),
(114, 'Student_Manager.Academic.View', 'Allow user to View Student Manager programmes', 'active'),
(131, 'Student_Manager.Developer.Create', 'Create Student_Manager Developer', 'active'),
(132, 'Student_Manager.Developer.Edit', 'Edit Student_Manager Developer', 'active'),
(133, 'Student_Manager.Developer.Delete', 'Delete Student_Manager Developer', 'active');

-- --------------------------------------------------------

--
-- Table structure for table `bf_program`
--

CREATE TABLE IF NOT EXISTS `bf_program` (
  `id` int(9) NOT NULL AUTO_INCREMENT,
  `deg_id` int(11) NOT NULL,
  `course_id` int(11) NOT NULL,
  `studyMode` int(6) NOT NULL,
  `progCode` varchar(10) DEFAULT NULL,
  `description` text,
  `duration` int(6) NOT NULL,
  `progStart_level` int(6) NOT NULL,
  `progEnd_level` int(6) NOT NULL,
  `created_on` datetime NOT NULL,
  `modified_on` datetime DEFAULT NULL,
  `deleted` tinyint(1) NOT NULL DEFAULT '0',
  `status` tinyint(1) NOT NULL DEFAULT '1',
  PRIMARY KEY (`id`),
  KEY `course_id` (`course_id`)
) ENGINE=MyISAM  DEFAULT CHARSET=utf8 AUTO_INCREMENT=3 ;

--
-- Dumping data for table `bf_program`
--

INSERT INTO `bf_program` (`id`, `deg_id`, `course_id`, `studyMode`, `progCode`, `description`, `duration`, `progStart_level`, `progEnd_level`, `created_on`, `modified_on`, `deleted`, `status`) VALUES
(1, 2, 6, 1, 'ACC', 'Test passed', 3, 1, 4, '2015-10-14 04:29:12', '2015-10-15 15:53:03', 0, 1),
(2, 4, 6, 1, 'ACE', 'using the same template for edit n create', 3, 1, 4, '2015-10-15 16:06:56', '2015-10-15 16:07:12', 0, 1);

-- --------------------------------------------------------

--
-- Table structure for table `bf_program_subject`
--

CREATE TABLE IF NOT EXISTS `bf_program_subject` (
  `id` int(9) NOT NULL AUTO_INCREMENT,
  `prog_id` int(11) NOT NULL,
  `subject_id` int(11) NOT NULL,
  `progLevel` int(6) NOT NULL,
  `prog_semester` int(6) NOT NULL,
  `compulsory` int(6) NOT NULL,
  `created_on` datetime NOT NULL,
  `deleted` tinyint(1) NOT NULL DEFAULT '0',
  `status` tinyint(1) NOT NULL DEFAULT '1',
  PRIMARY KEY (`id`),
  KEY `prog_id` (`prog_id`)
) ENGINE=MyISAM  DEFAULT CHARSET=utf8 AUTO_INCREMENT=2 ;

--
-- Dumping data for table `bf_program_subject`
--

INSERT INTO `bf_program_subject` (`id`, `prog_id`, `subject_id`, `progLevel`, `prog_semester`, `compulsory`, `created_on`, `deleted`, `status`) VALUES
(1, 1, 2, 1, 1, 1, '2015-10-15 20:10:46', 0, 1);

-- --------------------------------------------------------

--
-- Table structure for table `bf_program_unit`
--

CREATE TABLE IF NOT EXISTS `bf_program_unit` (
  `id` int(9) NOT NULL AUTO_INCREMENT,
  `prog_id` int(11) NOT NULL,
  `minimum_unit` int(6) NOT NULL,
  `maximum_unit` int(6) NOT NULL,
  `progLevel` int(6) NOT NULL,
  `progSemester` int(6) NOT NULL,
  `status` tinyint(1) NOT NULL DEFAULT '1',
  PRIMARY KEY (`id`)
) ENGINE=MyISAM  DEFAULT CHARSET=utf8 AUTO_INCREMENT=2 ;

--
-- Dumping data for table `bf_program_unit`
--

INSERT INTO `bf_program_unit` (`id`, `prog_id`, `minimum_unit`, `maximum_unit`, `progLevel`, `progSemester`, `status`) VALUES
(1, 2, 3, 4, 1, 1, 1);

-- --------------------------------------------------------

--
-- Table structure for table `bf_roles`
--

CREATE TABLE IF NOT EXISTS `bf_roles` (
  `role_id` int(11) NOT NULL AUTO_INCREMENT,
  `role_name` varchar(60) NOT NULL,
  `description` varchar(255) DEFAULT NULL,
  `default` tinyint(1) NOT NULL DEFAULT '0',
  `can_delete` tinyint(1) NOT NULL DEFAULT '1',
  `login_destination` varchar(255) NOT NULL DEFAULT '/',
  `default_context` varchar(255) DEFAULT 'content',
  `deleted` int(1) NOT NULL DEFAULT '0',
  PRIMARY KEY (`role_id`)
) ENGINE=MyISAM  DEFAULT CHARSET=utf8 AUTO_INCREMENT=11 ;

--
-- Dumping data for table `bf_roles`
--

INSERT INTO `bf_roles` (`role_id`, `role_name`, `description`, `default`, `can_delete`, `login_destination`, `default_context`, `deleted`) VALUES
(1, 'Administrator', 'Has full control over every aspect of the site.', 0, 0, 'users/profile', 'content', 0),
(2, 'Editor', 'Can handle day-to-day management, but does not have full power.', 0, 1, 'users/profile', 'content', 0),
(4, 'User', 'This is the default user with access to login.', 1, 0, 'users/profile', 'content', 0),
(6, 'Developer', 'Developers typically are the only ones that can access the developer tools. Otherwise identical to Administrators, at least until the site is handed off.', 0, 1, 'users/profile', 'content', 0),
(7, 'Students', 'For all current students and alumni', 0, 0, 'users/profile', 'content', 0),
(8, 'VC', 'for the Vice Chancellor similar to all principal officers role but just under superadmin', 0, 0, 'users/profile', 'content', 0),
(9, 'Bursar', 'Similar to VC but mainly focus on accounting section', 0, 0, 'users/profile', 'content', 0),
(10, 'Registrar', 'Like VC and Bursar but focus more on students and other users', 0, 0, 'users/profile', 'content', 0);

-- --------------------------------------------------------

--
-- Table structure for table `bf_role_permissions`
--

CREATE TABLE IF NOT EXISTS `bf_role_permissions` (
  `role_id` int(11) NOT NULL,
  `permission_id` int(11) NOT NULL,
  PRIMARY KEY (`role_id`,`permission_id`)
) ENGINE=MyISAM DEFAULT CHARSET=utf8;

--
-- Dumping data for table `bf_role_permissions`
--

INSERT INTO `bf_role_permissions` (`role_id`, `permission_id`) VALUES
(1, 2),
(1, 3),
(1, 4),
(1, 5),
(1, 6),
(1, 7),
(1, 8),
(1, 9),
(1, 10),
(1, 11),
(1, 12),
(1, 13),
(1, 14),
(1, 15),
(1, 16),
(1, 17),
(1, 18),
(1, 19),
(1, 20),
(1, 21),
(1, 23),
(1, 24),
(1, 26),
(1, 27),
(1, 28),
(1, 29),
(1, 30),
(1, 31),
(1, 32),
(1, 33),
(1, 34),
(1, 35),
(1, 36),
(1, 37),
(1, 38),
(1, 39),
(1, 40),
(1, 41),
(1, 42),
(1, 43),
(1, 44),
(1, 45),
(1, 48),
(1, 49),
(1, 50),
(1, 51),
(1, 52),
(1, 53),
(1, 54),
(1, 55),
(1, 56),
(1, 57),
(1, 58),
(1, 59),
(1, 60),
(1, 61),
(1, 62),
(1, 63),
(1, 64),
(1, 65),
(1, 66),
(1, 67),
(1, 68),
(1, 69),
(1, 70),
(1, 71),
(1, 72),
(1, 73),
(1, 74),
(1, 75),
(1, 76),
(1, 77),
(1, 78),
(1, 79),
(1, 80),
(1, 81),
(1, 82),
(1, 83),
(1, 84),
(1, 85),
(1, 86),
(1, 87),
(1, 88),
(1, 89),
(1, 90),
(1, 91),
(1, 92),
(1, 93),
(1, 114),
(1, 115),
(1, 116),
(1, 117),
(1, 118),
(1, 119),
(1, 120),
(1, 121),
(1, 122),
(1, 123),
(1, 124),
(1, 125),
(1, 126),
(1, 127),
(1, 128),
(1, 129),
(1, 130),
(1, 131),
(1, 132),
(1, 133),
(2, 2),
(2, 3),
(4, 2),
(4, 3),
(4, 4),
(4, 26),
(4, 32),
(4, 37),
(4, 53),
(4, 78),
(4, 82),
(4, 90),
(4, 114),
(4, 118),
(4, 122),
(6, 2),
(6, 3),
(6, 4),
(6, 5),
(6, 6),
(6, 7),
(6, 8),
(6, 9),
(6, 10),
(6, 11),
(6, 12),
(6, 13),
(6, 48);

-- --------------------------------------------------------

--
-- Table structure for table `bf_schema_version`
--

CREATE TABLE IF NOT EXISTS `bf_schema_version` (
  `type` varchar(40) NOT NULL,
  `version` int(4) NOT NULL DEFAULT '0',
  PRIMARY KEY (`type`)
) ENGINE=MyISAM DEFAULT CHARSET=utf8;

--
-- Dumping data for table `bf_schema_version`
--

INSERT INTO `bf_schema_version` (`type`, `version`) VALUES
('core', 43),
('campus_manager_', 3),
('courses_', 2),
('basic_settings_', 2),
('student_manager_', 2);

-- --------------------------------------------------------

--
-- Table structure for table `bf_session_semester`
--

CREATE TABLE IF NOT EXISTS `bf_session_semester` (
  `id` int(9) NOT NULL AUTO_INCREMENT,
  `session_semester` int(11) NOT NULL,
  `aca_session_id` int(11) NOT NULL,
  `startDate` date NOT NULL,
  `endDate` date NOT NULL,
  `isCurrent` tinyint(1) NOT NULL DEFAULT '0',
  `isRegistration` tinyint(1) NOT NULL DEFAULT '0',
  `deleted` tinyint(1) NOT NULL DEFAULT '0',
  PRIMARY KEY (`id`)
) ENGINE=MyISAM  DEFAULT CHARSET=utf8 AUTO_INCREMENT=2 ;

--
-- Dumping data for table `bf_session_semester`
--

INSERT INTO `bf_session_semester` (`id`, `session_semester`, `aca_session_id`, `startDate`, `endDate`, `isCurrent`, `isRegistration`, `deleted`) VALUES
(1, 1, 2, '1970-02-02', '1970-02-04', 1, 1, 0);

-- --------------------------------------------------------

--
-- Table structure for table `bf_settings`
--

CREATE TABLE IF NOT EXISTS `bf_settings` (
  `name` varchar(30) NOT NULL,
  `module` varchar(255) NOT NULL,
  `value` varchar(255) NOT NULL,
  PRIMARY KEY (`name`)
) ENGINE=MyISAM DEFAULT CHARSET=utf8;

--
-- Dumping data for table `bf_settings`
--

INSERT INTO `bf_settings` (`name`, `module`, `value`) VALUES
('site.title', 'core', 'PRAS'),
('site.system_email', 'core', 'adeguk@gmail.com'),
('site.status', 'core', '1'),
('site.list_limit', 'core', '25'),
('site.show_profiler', 'core', '1'),
('site.show_front_profiler', 'core', '1'),
('updates.do_check', 'core', '1'),
('updates.bleeding_edge', 'core', '1'),
('auth.allow_register', 'core', '1'),
('auth.login_type', 'core', 'both'),
('auth.use_usernames', 'core', '1'),
('auth.allow_remember', 'core', '0'),
('auth.remember_length', 'core', '1209600'),
('auth.do_login_redirect', 'core', '1'),
('auth.use_extended_profile', 'core', '0'),
('sender_email', 'email', ''),
('protocol', 'email', 'mail'),
('mailpath', 'email', '/usr/sbin/sendmail'),
('smtp_host', 'email', ''),
('smtp_user', 'email', ''),
('smtp_pass', 'email', ''),
('smtp_port', 'email', ''),
('smtp_timeout', 'email', ''),
('mailtype', 'email', 'text'),
('site.languages', 'core', 'a:3:{i:0;s:7:"english";i:1;s:7:"persian";i:2;s:10:"portuguese";}'),
('auth.allow_name_change', 'core', '1'),
('auth.name_change_frequency', 'core', '1'),
('auth.name_change_limit', 'core', '1'),
('auth.password_min_length', 'core', '8'),
('auth.password_force_numbers', 'core', '0'),
('auth.password_force_symbols', 'core', '0'),
('auth.password_force_mixed_case', 'core', '0'),
('form_save', 'core.ui', 'ctrl+s/+s'),
('goto_content', 'core.ui', 'alt+c'),
('auth.user_activation_method', 'core', '0'),
('auth.password_show_labels', 'core', '0'),
('password_iterations', 'users', '8'),
('site.offline_reason', 'core', ''),
('ext.street_name', 'core', ''),
('ext.country', 'core', 'US'),
('ext.state', 'core', ''),
('ext.type', 'core', 'small');

-- --------------------------------------------------------

--
-- Table structure for table `bf_states`
--

CREATE TABLE IF NOT EXISTS `bf_states` (
  `id` int(11) NOT NULL AUTO_INCREMENT,
  `country_code` char(2) NOT NULL,
  `state_name` varchar(80) NOT NULL,
  `state_code` char(6) DEFAULT NULL,
  `deleted` tinyint(1) DEFAULT '0',
  PRIMARY KEY (`id`),
  KEY `country_code` (`country_code`)
) ENGINE=MyISAM  DEFAULT CHARSET=utf8 AUTO_INCREMENT=441 ;

--
-- Dumping data for table `bf_states`
--

INSERT INTO `bf_states` (`id`, `country_code`, `state_name`, `state_code`, `deleted`) VALUES
(1, 'AD', 'Andorra la Vella', 'AD-07', 0),
(2, 'AD', 'Canillo', 'AD-02', 0),
(3, 'AD', 'Encamp', 'AD-03', 0),
(4, 'AD', 'Escaldes-Engordany', 'AD-08', 0),
(5, 'AD', 'La Massana', 'AD-04', 0),
(6, 'AD', 'Ordino', 'AD-05', 0),
(7, 'AD', 'Sant Julia de Loria', 'AD-06', 0),
(8, 'AE', 'Abu Zaby', 'AE-AZ', 0),
(9, 'AE', 'Ajman', 'AE-AJ', 0),
(10, 'AE', 'Al Fujayrah', 'AE-FU', 0),
(11, 'AE', 'Ash Shariqah', 'AE-SH', 0),
(12, 'AE', 'Dubayy', 'AE-DU', 0),
(13, 'AE', 'Ras al Khaymah', 'AE-RK', 0),
(14, 'AE', 'Umm al Qaywayn', 'AE-UQ', 0),
(15, 'AF', 'Badakhshan', 'AF-BDS', 0),
(16, 'AF', 'Badghis', 'AF-BDG', 0),
(17, 'AF', 'Baghlan', 'AF-BGL', 0),
(18, 'AF', 'Balkh', 'AF-BAL', 0),
(19, 'AF', 'Bamyan', 'AF-BAM', 0),
(20, 'AF', 'Daykundi', 'AF-DAY', 0),
(21, 'AF', 'Farah', 'AF-FRA', 0),
(22, 'AF', 'Faryab', 'AF-FYB', 0),
(23, 'AF', 'Ghazni', 'AF-GHA', 0),
(24, 'AF', 'Ghor', 'AF-GHO', 0),
(25, 'AF', 'Helmand', 'AF-HEL', 0),
(26, 'AF', 'Herat', 'AF-HER', 0),
(27, 'AF', 'Jowzjan', 'AF-JOW', 0),
(28, 'AF', 'Kabul', 'AF-KAB', 0),
(29, 'AF', 'Kandahar', 'AF-KAN', 0),
(30, 'AF', 'Kapisa', 'AF-KAP', 0),
(31, 'AF', 'Khost', 'AF-KHO', 0),
(32, 'AF', 'Kunar', 'AF-KNR', 0),
(33, 'AF', 'Kunduz', 'AF-KDZ', 0),
(34, 'AF', 'Laghman', 'AF-LAG', 0),
(35, 'AF', 'Logar', 'AF-LOG', 0),
(36, 'AF', 'Nangarhar', 'AF-NAN', 0),
(37, 'AF', 'Nimroz', 'AF-NIM', 0),
(38, 'AF', 'Nuristan', 'AF-NUR', 0),
(39, 'AF', 'Paktika', 'AF-PKA', 0),
(40, 'AF', 'Paktiya', 'AF-PIA', 0),
(41, 'AF', 'Panjshayr', 'AF-PAN', 0),
(42, 'AF', 'Parwan', 'AF-PAR', 0),
(43, 'AF', 'Samangan', 'AF-SAM', 0),
(44, 'AF', 'Sar-e Pul', 'AF-SAR', 0),
(45, 'AF', 'Takhar', 'AF-TAK', 0),
(46, 'AF', 'Uruzgan', 'AF-URU', 0),
(47, 'AF', 'Wardak', 'AF-WAR', 0),
(48, 'AF', 'Zabul', 'AF-ZAB', 0),
(49, 'AG', 'Saint George', 'AG-03', 0),
(50, 'AG', 'Saint John', 'AG-04', 0),
(51, 'AG', 'Saint Mary', 'AG-05', 0),
(52, 'AG', 'Saint Paul', 'AG-06', 0),
(53, 'AG', 'Saint Peter', 'AG-07', 0),
(54, 'AG', 'Saint Philip', 'AG-08', 0),
(55, 'AG', 'Barbuda', 'AG-10', 0),
(56, 'AG', 'Redonda', 'AG-11', 0),
(57, 'AL', 'Berat', 'AL-BR', 0),
(58, 'AL', 'Bulqiz', 'AL-BU', 0),
(59, 'AL', 'Dib', 'AL-DI', 0),
(60, 'AL', 'Delvin', 'AL-DL', 0),
(61, 'AL', 'Durr', 'AL-DR', 0),
(62, 'AL', 'Devoll', 'AL-DV', 0),
(63, 'AL', 'Elbasan', 'AL-EL', 0),
(64, 'AL', 'Kolonj', 'AL-ER', 0),
(65, 'AL', 'Fier', 'AL-FR', 0),
(66, 'AL', 'Gjirokast', 'AL-GJ', 0),
(67, 'AL', 'Gramsh', 'AL-GR', 0),
(68, 'AL', 'Has', 'AL-HA', 0),
(69, 'AL', 'Kavaj', 'AL-KA', 0),
(70, 'AL', 'Kurbin', 'AL-KB', 0),
(71, 'AL', 'Kucov', 'AL-KC', 0),
(72, 'AL', 'Kor', 'AL-KO', 0),
(73, 'AL', 'Kruj', 'AL-KR', 0),
(74, 'AL', 'Kuk', 'AL-KU', 0),
(75, 'AL', 'Librazhd', 'AL-LB', 0),
(76, 'AL', 'Lezh', 'AL-LE', 0),
(77, 'AL', 'Lushnj', 'AL-LU', 0),
(78, 'AL', 'Mallakast', 'AL-MK', 0),
(79, 'AL', 'Malesi e Madhe', 'AL-MM', 0),
(80, 'AL', 'Mirdit', 'AL-MR', 0),
(81, 'AL', 'Mat', 'AL-MT', 0),
(82, 'AL', 'Pogradec', 'AL-PG', 0),
(83, 'AL', 'Peqin', 'AL-PQ', 0),
(84, 'AL', 'Permet', 'AL-PR', 0),
(85, 'AL', 'Puk', 'AL-PU', 0),
(86, 'AL', 'Shkod', 'AL-SH', 0),
(87, 'AL', 'Skrapar', 'AL-SK', 0),
(88, 'AL', 'Sarand', 'AL-SR', 0),
(89, 'AL', 'Tepelen', 'AL-TE', 0),
(90, 'AL', 'Tropoj', 'AL-TP', 0),
(91, 'AL', 'Tiran', 'AL-TR', 0),
(92, 'AL', 'Vlor', 'AL-VL', 0),
(93, 'AM', 'Aragacotn', 'AM-AG', 0),
(94, 'AM', 'Ararat', 'AM-AR', 0),
(95, 'AM', 'Armavir', 'AM-AV', 0),
(96, 'AM', 'Erevan', 'AM-ER', 0),
(97, 'AM', 'Gegarkunik', 'AM-GR', 0),
(98, 'AM', 'Kotayk', 'AM-KT', 0),
(99, 'AM', 'Lory', 'AM-LO', 0),
(100, 'AM', 'Sirak', 'AM-SH', 0),
(101, 'AM', 'Syunik', 'AM-SU', 0),
(102, 'AM', 'Tavus', 'AM-TV', 0),
(103, 'AM', 'Vayoc Jor', 'AM-VD', 0),
(104, 'AO', 'Bengo', 'AO-BGO', 0),
(105, 'AO', 'Benguela', 'AO-BGU', 0),
(106, 'AO', 'Bi', 'AO-BIE', 0),
(107, 'AO', 'Cabinda', 'AO-CAB', 0),
(108, 'AO', 'Cuando-Cubango', 'AO-CCU', 0),
(109, 'AO', 'Cuanza Norte', 'AO-CNO', 0),
(110, 'AO', 'Cuanza Sul', 'AO-CUS', 0),
(111, 'AO', 'Cunene', 'AO-CNN', 0),
(112, 'AO', 'Huambo', 'AO-HUA', 0),
(113, 'AO', 'Huila', 'AO-HUI', 0),
(114, 'AO', 'Luanda', 'AO-LUA', 0),
(115, 'AO', 'Lunda Norte', 'AO-LNO', 0),
(116, 'AO', 'Lunda Sul', 'AO-LSU', 0),
(117, 'AO', 'Malange', 'AO-MAL', 0),
(118, 'AO', 'Moxico', 'AO-MOX', 0),
(119, 'AO', 'Namibe', 'AO-NAM', 0),
(120, 'AO', 'Uige', 'AO-UIG', 0),
(121, 'AO', 'Zaire', 'AO-ZAI', 0),
(122, 'AR', 'Buenos Aires', 'AR-B', 0),
(123, 'AR', 'Catamarca', 'AR-K', 0),
(124, 'AR', 'Chaco', 'AR-H', 0),
(125, 'AR', 'Chubut', 'AR-U', 0),
(126, 'AR', 'Ciudad Autonoma de Buenos Aires', 'AR-C', 0),
(127, 'AR', 'Cordoba', 'AR-X', 0),
(128, 'AR', 'Corrientes', 'AR-W', 0),
(129, 'AR', 'Entre Rios', 'AR-E', 0),
(130, 'AR', 'Formosa', 'AR-P', 0),
(131, 'AR', 'Jujuy', 'AR-Y', 0),
(132, 'AR', 'La Pampa', 'AR-L', 0),
(133, 'AR', 'La Rioja', 'AR-F', 0),
(134, 'AR', 'Mendoza', 'AR-M', 0),
(135, 'AR', 'Misiones', 'AR-N', 0),
(136, 'AR', 'Neuqu', 'AR-Q', 0),
(137, 'AR', 'Rio Negro', 'AR-R', 0),
(138, 'AR', 'Salta', 'AR-A', 0),
(139, 'AR', 'San Juan', 'AR-J', 0),
(140, 'AR', 'San Luis', 'AR-D', 0),
(141, 'AR', 'Santa Cruz', 'AR-Z', 0),
(142, 'AR', 'Santa Fe', 'AR-S', 0),
(143, 'AR', 'Santiago del Estero', 'AR-G', 0),
(144, 'AR', 'Tierra del Fuego', 'AR-V', 0),
(145, 'AR', 'Tucum', 'AR-T', 0),
(146, 'AT', 'Burgenland', 'AT-1', 0),
(147, 'AT', 'Karnten', 'AT-2', 0),
(148, 'AT', 'Niederosterreich', 'AT-3', 0),
(149, 'AT', 'Oberosterreich', 'AT-4', 0),
(150, 'AT', 'Salzburg', 'AT-5', 0),
(151, 'AT', 'Steiermark', 'AT-6', 0),
(152, 'AT', 'Tirol', 'AT-7', 0),
(153, 'AT', 'Vorarlberg', 'AT-8', 0),
(154, 'AT', 'Wien', 'AT-9', 0),
(155, 'AU', 'New South Wales', 'AU-NSW', 0),
(156, 'AU', 'Queensland', 'AU-QLD', 0),
(157, 'AU', 'South Australia', 'AU-SA', 0),
(158, 'AU', 'Tasmania', 'AU-TAS', 0),
(159, 'AU', 'Victoria', 'AU-VIC', 0),
(160, 'AU', 'Western Australia', 'AU-WA', 0),
(161, 'AU', 'Australian Capital Territory', 'AU-ACT', 0),
(162, 'AU', 'Northern Territory', 'AU-NT', 0),
(163, 'AZ', 'Baki', 'AZ-BA', 0),
(164, 'AZ', 'Ganca', 'AZ-GA', 0),
(165, 'AZ', 'Lankaran', 'AZ-LA', 0),
(166, 'AZ', 'Mingacevir', 'AZ-MI', 0),
(167, 'AZ', 'Naftalan', 'AZ-NA', 0),
(168, 'AZ', 'Naxcivan', 'AZ-NV', 0),
(169, 'AZ', 'Saki', 'AZ-SA', 0),
(170, 'AZ', 'Sirvan', 'AZ-SR', 0),
(171, 'AZ', 'Sumqayit', 'AZ-SM', 0),
(172, 'AZ', 'Xankandi', 'AZ-XA', 0),
(173, 'AZ', 'Yevlax', 'AZ-YE', 0),
(174, 'AZ', 'Abseron', 'AZ-ABS', 0),
(175, 'AZ', 'Agcabadi', 'AZ-AGC', 0),
(176, 'AZ', 'Agdam', 'AZ-AGM', 0),
(177, 'AZ', 'Agdas', 'AZ-AGS', 0),
(178, 'AZ', 'Agstafa', 'AZ-AGA', 0),
(179, 'AZ', 'Agsu', 'AZ-AGU', 0),
(180, 'AZ', 'Astara', 'AZ-AST', 0),
(181, 'AZ', 'Babak', 'AZ-BAB', 0),
(182, 'AZ', 'Balakan', 'AZ-BAL', 0),
(183, 'AZ', 'Barda', 'AZ-BAR', 0),
(184, 'AZ', 'Beyleqan', 'AZ-BEY', 0),
(185, 'AZ', 'Bilasuvar', 'AZ-BIL', 0),
(186, 'AZ', 'Cabrayil', 'AZ-CAB', 0),
(187, 'AZ', 'Calilabad', 'AZ-CAL', 0),
(188, 'AZ', 'Culfa', 'AZ-CUL', 0),
(189, 'AZ', 'Daskasan', 'AZ-DAS', 0),
(190, 'AZ', 'Fuzuli', 'AZ-FUZ', 0),
(191, 'AZ', 'Gadabay', 'AZ-GAD', 0),
(192, 'AZ', 'Goranboy', 'AZ-GOR', 0),
(193, 'AZ', 'Goycay', 'AZ-GOY', 0),
(194, 'AZ', 'Goygol', 'AZ-GYG', 0),
(195, 'AZ', 'Haciqabul', 'AZ-HAC', 0),
(196, 'AZ', 'Imisli', 'AZ-IMI', 0),
(197, 'AZ', 'Ismayilli', 'AZ-ISM', 0),
(198, 'AZ', 'Kalbacar', 'AZ-KAL', 0),
(199, 'AZ', 'Kangarli', 'AZ-KAN', 0),
(200, 'AZ', 'Kurdamir', 'AZ-KUR', 0),
(201, 'AZ', 'Lacin', 'AZ-LAC', 0),
(202, 'AZ', 'Lankaran', 'AZ-LAN', 0),
(203, 'AZ', 'Lerik', 'AZ-LER', 0),
(204, 'AZ', 'Masalli', 'AZ-MAS', 0),
(205, 'AZ', 'Neftcala', 'AZ-NEF', 0),
(206, 'AZ', 'Oguz', 'AZ-OGU', 0),
(207, 'AZ', 'Ordubad', 'AZ-ORD', 0),
(208, 'AZ', 'Qabala', 'AZ-QAB', 0),
(209, 'AZ', 'Qax', 'AZ-QAX', 0),
(210, 'AZ', 'Qazax', 'AZ-QAZ', 0),
(211, 'AZ', 'Qobustan', 'AZ-QOB', 0),
(212, 'AZ', 'Quba', 'AZ-QBA', 0),
(213, 'AZ', 'Qubadli', 'AZ-QBI', 0),
(214, 'AZ', 'Qusar', 'AZ-QUS', 0),
(215, 'AZ', 'Saatli', 'AZ-SAT', 0),
(216, 'AZ', 'Sabirabad', 'AZ-SAB', 0),
(217, 'AZ', 'Sabran', 'AZ-SBN', 0),
(218, 'AZ', 'Sadarak', 'AZ-SAD', 0),
(219, 'AZ', 'Sahbuz', 'AZ-SAH', 0),
(220, 'AZ', 'Saki', 'AZ-SAK', 0),
(221, 'AZ', 'Salyan', 'AZ-SAL', 0),
(222, 'AZ', 'Samaxi', 'AZ-SMI', 0),
(223, 'AZ', 'Samkir', 'AZ-SKR', 0),
(224, 'AZ', 'Samux', 'AZ-SMX', 0),
(225, 'AZ', 'Sarur', 'AZ-SAR', 0),
(226, 'AZ', 'Siyazan', 'AZ-SIY', 0),
(227, 'AZ', 'Susa', 'AZ-SUS', 0),
(228, 'AZ', 'Tartar', 'AZ-TAR', 0),
(229, 'AZ', 'Tovuz', 'AZ-TOV', 0),
(230, 'AZ', 'Ucar', 'AZ-UCA', 0),
(231, 'AZ', 'Xacmaz', 'AZ-XAC', 0),
(232, 'AZ', 'Xizi', 'AZ-XIZ', 0),
(233, 'AZ', 'Xocali', 'AZ-XCI', 0),
(234, 'AZ', 'Xocavand', 'AZ-XVD', 0),
(235, 'AZ', 'Yardimli', 'AZ-YAR', 0),
(236, 'AZ', 'Yevlax', 'AZ-YEV', 0),
(237, 'AZ', 'Zangilan', 'AZ-ZAN', 0),
(238, 'AZ', 'Zaqatala', 'AZ-ZAQ', 0),
(239, 'AZ', 'Zardab', 'AZ-ZAR', 0),
(240, 'BR', 'Acre', 'BR-AC', 0),
(241, 'BR', 'Alagoas', 'BR-AL', 0),
(242, 'BR', 'Amap', 'BR-AP', 0),
(243, 'BR', 'Amazonas', 'BR-AM', 0),
(244, 'BR', 'Bahia', 'BR-BA', 0),
(245, 'BR', 'Cear', 'BR-CE', 0),
(246, 'BR', 'Distrito Federal', 'BR-DF', 0),
(247, 'BR', 'Espirito Santo', 'BR-ES', 0),
(248, 'BR', 'Goi', 'BR-GO', 0),
(249, 'BR', 'Maranhao', 'BR-MA', 0),
(250, 'BR', 'Mato Grosso', 'BR-MT', 0),
(251, 'BR', 'Mato Grosso do Sul', 'BR-MS', 0),
(252, 'BR', 'Minas Gerais', 'BR-MG', 0),
(253, 'BR', 'Par', 'BR-PA', 0),
(254, 'BR', 'Paraiba', 'BR-PB', 0),
(255, 'BR', 'Paran', 'BR-PR', 0),
(256, 'BR', 'Pernambuco', 'BR-PE', 0),
(257, 'BR', 'Piau', 'BR-PI', 0),
(258, 'BR', 'Rio de Janeiro', 'BR-RJ', 0),
(259, 'BR', 'Rio Grande do Norte', 'BR-RN', 0),
(260, 'BR', 'Rio Grande do Sul', 'BR-RS', 0),
(261, 'BR', 'Rondonia', 'BR-RO', 0),
(262, 'BR', 'Roraima', 'BR-RR', 0),
(263, 'BR', 'Santa Catarina', 'BR-SC', 0),
(264, 'BR', 'Sao Paulo', 'BR-SP', 0),
(265, 'BR', 'Sergipe', 'BR-SE', 0),
(266, 'BR', 'Tocantins', 'BR-TO', 0),
(267, 'CA', 'Alberta', 'CA-AB', 0),
(268, 'CA', 'British Columbia', 'CA-BC', 0),
(269, 'CA', 'Manitoba', 'CA-MB', 0),
(270, 'CA', 'New Brunswick', 'CA-NB', 0),
(271, 'CA', 'Newfoundland and Labrador', 'CA-NL', 0),
(272, 'CA', 'Northwest Territories', 'CA-NT', 0),
(273, 'CA', 'Nova Scotia', 'CA-NS', 0),
(274, 'CA', 'Nunavut', 'CA-NU', 0),
(275, 'CA', 'Ontario', 'CA-ON', 0),
(276, 'CA', 'Prince Edward Island', 'CA-PE', 0),
(277, 'CA', 'Quebec', 'CA-QC', 0),
(278, 'CA', 'Saskatchewan', 'CA-SK', 0),
(279, 'CA', 'Yukon', 'CA-YT', 0),
(280, 'ID', 'Aceh', 'ID-AC', 0),
(281, 'ID', 'Bali', 'ID-BA', 0),
(282, 'ID', 'Banten', 'ID-BT', 0),
(283, 'ID', 'Bengkulu', 'ID-BE', 0),
(284, 'ID', 'Gorontalo', 'ID-GO', 0),
(285, 'ID', 'Jakarta', 'ID-JK', 0),
(286, 'ID', 'Jambi', 'ID-JA', 0),
(287, 'ID', 'Jawa Barat', 'ID-JB', 0),
(288, 'ID', 'Jawa Tengah', 'ID-JT', 0),
(289, 'ID', 'Jawa Timur', 'ID-JI', 0),
(290, 'ID', 'Kalimantan Barat', 'ID-KB', 0),
(291, 'ID', 'Kalimantan Selatan', 'ID-KS', 0),
(292, 'ID', 'Kalimantan Tengah', 'ID-KT', 0),
(293, 'ID', 'Kalimantan Timur', 'ID-KI', 0),
(294, 'ID', 'Kalimantan Utara', 'ID-KU', 0),
(295, 'ID', 'Kepulauan Bangka Belitung', 'ID-BB', 0),
(296, 'ID', 'Kepulauan Riau', 'ID-KR', 0),
(297, 'ID', 'Lampung', 'ID-LA', 0),
(298, 'ID', 'Maluku', 'ID-MA', 0),
(299, 'ID', 'Maluku Utara', 'ID-MU', 0),
(300, 'ID', 'Nusa Tenggara Barat', 'ID-NB', 0),
(301, 'ID', 'Nusa Tenggara Timur', 'ID-NT', 0),
(302, 'ID', 'Papua', 'ID-PA', 0),
(303, 'ID', 'Papua Barat', 'ID-PB', 0),
(304, 'ID', 'Riau', 'ID-RI', 0),
(305, 'ID', 'Sulawesi Barat', 'ID-SR', 0),
(306, 'ID', 'Sulawesi Selatan', 'ID-SN', 0),
(307, 'ID', 'Sulawesi Tengah', 'ID-ST', 0),
(308, 'ID', 'Sulawesi Tenggara', 'ID-SG', 0),
(309, 'ID', 'Sulawesi Utara', 'ID-SA', 0),
(310, 'ID', 'Sumatera Barat', 'ID-SB', 0),
(311, 'ID', 'Sumatera Selatan', 'ID-SS', 0),
(312, 'ID', 'Sumatera Utara', 'ID-SU', 0),
(313, 'ID', 'Yogyakarta', 'ID-YO', 0),
(314, 'MX', 'Aguascalientes', 'MX-AG', 0),
(315, 'MX', 'Baja California Norte', 'MX-BC', 0),
(316, 'MX', 'Baja California Sur', 'MX-BS', 0),
(317, 'MX', 'Chihuahua', 'MX-CH', 0),
(318, 'MX', 'Colima', 'MX-CL', 0),
(319, 'MX', 'Campeche', 'MX-CM', 0),
(320, 'MX', 'Coahuila', 'MX-CO', 0),
(321, 'MX', 'Chiapas', 'MX-CS', 0),
(322, 'MX', 'Distrito Federal', 'MX-DF', 0),
(323, 'MX', 'Durango', 'MX-DG', 0),
(324, 'MX', 'Guerrero', 'MX-GR', 0),
(325, 'MX', 'Guanajuato', 'MX-GT', 0),
(326, 'MX', 'Hidalgo', 'MX-HG', 0),
(327, 'MX', 'Jalisco', 'MX-JA', 0),
(328, 'MX', 'Michoacan', 'MX-MI', 0),
(329, 'MX', 'Morelos', 'MX-MO', 0),
(330, 'MX', 'Nayarit', 'MX-NA', 0),
(331, 'MX', 'Nuevo Leon', 'MX-NL', 0),
(332, 'MX', 'Oaxaca', 'MX-OA', 0),
(333, 'MX', 'Puebla', 'MX-PU', 0),
(334, 'MX', 'Quintana Roo', 'MX-QR', 0),
(335, 'MX', 'Queretaro', 'MX-QT', 0),
(336, 'MX', 'Sinaloa', 'MX-SI', 0),
(337, 'MX', 'San Luis Potosi', 'MX-SL', 0),
(338, 'MX', 'Sonora', 'MX-SO', 0),
(339, 'MX', 'Tabasco', 'MX-TB', 0),
(340, 'MX', 'Tlaxcala', 'MX-TL', 0),
(341, 'MX', 'Tamaulipas', 'MX-TM', 0),
(342, 'MX', 'Veracruz', 'MX-VE', 0),
(343, 'MX', 'Yucatan', 'MX-YU', 0),
(344, 'MX', 'Zacatecas', 'MX-ZA', 0),
(345, 'US', 'Alaska', 'US-AK', 0),
(346, 'US', 'Alabama', 'US-AL', 0),
(347, 'US', 'American Samoa', 'US-AS', 0),
(348, 'US', 'Arizona', 'US-AZ', 0),
(349, 'US', 'Arkansas', 'US-AR', 0),
(350, 'US', 'California', 'US-CA', 0),
(351, 'US', 'Colorado', 'US-CO', 0),
(352, 'US', 'Connecticut', 'US-CT', 0),
(353, 'US', 'Delaware', 'US-DE', 0),
(354, 'US', 'District of Columbia', 'US-DC', 0),
(355, 'US', 'Florida', 'US-FL', 0),
(356, 'US', 'Georgia', 'US-GA', 0),
(357, 'US', 'Guam', 'US-GU', 0),
(358, 'US', 'Hawaii', 'US-HI', 0),
(359, 'US', 'Idaho', 'US-ID', 0),
(360, 'US', 'Illinois', 'US-IL', 0),
(361, 'US', 'Indiana', 'US-IN', 0),
(362, 'US', 'Iowa', 'US-IA', 0),
(363, 'US', 'Kansas', 'US-KS', 0),
(364, 'US', 'Kentucky', 'US-KY', 0),
(365, 'US', 'Louisiana', 'US-LA', 0),
(366, 'US', 'Maine', 'US-ME', 0),
(367, 'US', 'Marshall Islands', 'US-MH', 0),
(368, 'US', 'Maryland', 'US-MD', 0),
(369, 'US', 'Massachusetts', 'US-MA', 0),
(370, 'US', 'Michigan', 'US-MI', 0),
(371, 'US', 'Minnesota', 'US-MN', 0),
(372, 'US', 'Mississippi', 'US-MS', 0),
(373, 'US', 'Missouri', 'US-MO', 0),
(374, 'US', 'Montana', 'US-MT', 0),
(375, 'US', 'Nebraska', 'US-NE', 0),
(376, 'US', 'Nevada', 'US-NV', 0),
(377, 'US', 'New Hampshire', 'US-NH', 0),
(378, 'US', 'New Jersey', 'US-NJ', 0),
(379, 'US', 'New Mexico', 'US-NM', 0),
(380, 'US', 'New York', 'US-NY', 0),
(381, 'US', 'North Carolina', 'US-NC', 0),
(382, 'US', 'North Dakota', 'US-ND', 0),
(383, 'US', 'Northern Mariana Islands', 'US-MP', 0),
(384, 'US', 'Ohio', 'US-OH', 0),
(385, 'US', 'Oklahoma', 'US-OK', 0),
(386, 'US', 'Oregon', 'US-OR', 0),
(387, 'US', 'Palau', 'US-PW', 0),
(388, 'US', 'Pennsylvania', 'US-PA', 0),
(389, 'US', 'Puerto Rico', 'US-PR', 0),
(390, 'US', 'Rhode Island', 'US-RI', 0),
(391, 'US', 'South Carolina', 'US-SC', 0),
(392, 'US', 'South Dakota', 'US-SD', 0),
(393, 'US', 'Tennessee', 'US-TN', 0),
(394, 'US', 'Texas', 'US-TX', 0),
(395, 'US', 'Utah', 'US-UT', 0),
(396, 'US', 'Vermont', 'US-VT', 0),
(397, 'US', 'Virgin Islands', 'US-VI', 0),
(398, 'US', 'Virginia', 'US-VA', 0),
(399, 'US', 'Washington', 'US-WA', 0),
(400, 'US', 'West Virginia', 'US-WV', 0),
(401, 'US', 'Wisconsin', 'US-WI', 0),
(402, 'US', 'Wyoming', 'US-WY', 0),
(403, 'NG', 'Abia State', 'NG-AB', 0),
(404, 'NG', 'Adamawa State', 'NG-AD', 0),
(405, 'NG', 'Akwa Ibom State', 'NG-AK', 0),
(406, 'NG', 'Anambra State', 'NG-AN', 0),
(407, 'NG', 'Bauchi State', 'NG-BA', 0),
(408, 'NG', 'Bayelsa State', 'NG-BY', 0),
(409, 'NG', 'Benue State', 'NG-BE', 0),
(410, 'NG', 'Borno State', 'NG-BO', 0),
(411, 'NG', 'Cross River State', 'NG-CR', 0),
(412, 'NG', 'Delta State', 'NG-DE', 0),
(413, 'NG', 'Ebonyi State', 'NG-EB', 0),
(414, 'NG', 'Edo State', 'NG-ED', 0),
(415, 'NG', 'Ekiti State', 'NG-EK', 0),
(416, 'NG', 'Enugu State', 'NG-EN', 0),
(417, 'NG', 'FCT', 'NG-FC', 0),
(418, 'NG', 'Gombe State', 'NG-GO', 0),
(419, 'NG', 'Imo State', 'NG-IM', 0),
(420, 'NG', 'Jigawa State', 'NG-JI', 0),
(421, 'NG', 'Kaduna State', 'NG-KD', 0),
(422, 'NG', 'Kano State', 'NG-KN', 0),
(423, 'NG', 'Katsina State', 'NG-KT', 0),
(424, 'NG', 'Kebbi State', 'NG-KE', 0),
(425, 'NG', 'Kogi State', 'NG-KO', 0),
(426, 'NG', 'Kwara State', 'NG-KW', 0),
(427, 'NG', 'Lagos State', 'NG-LA', 0),
(428, 'NG', 'Nasarawa State', 'NG-NA', 0),
(429, 'NG', 'Niger State', 'NG-NI', 0),
(430, 'NG', 'Ogun State', 'NG-OG', 0),
(431, 'NG', 'Ondo State', 'NG-ON', 0),
(432, 'NG', 'Osun State', 'NG-OS', 0),
(433, 'NG', 'Oyo State', 'NG-OY', 0),
(434, 'NG', 'Plateau State', 'NG-PL', 0),
(435, 'NG', 'Rivers State', 'NG-RI', 0),
(436, 'NG', 'Sokoto State', 'NG-SO', 0),
(437, 'NG', 'Taraba State', 'NG-TA', 0),
(438, 'NG', 'Yobe State', 'NG-YO', 0),
(439, 'NG', 'Zamfara State', 'NG-ZA', 0),
(440, 'NN', 'Other', 'N/A', 0);

-- --------------------------------------------------------

--
-- Table structure for table `bf_students`
--

CREATE TABLE IF NOT EXISTS `bf_students` (
  `id` int(9) NOT NULL AUTO_INCREMENT,
  `user_id` int(11) NOT NULL,
  `matricNo` int(11) DEFAULT NULL,
  `jamb_reg` varchar(11) DEFAULT NULL,
  `prog_id` int(6) NOT NULL,
  `progLevel` int(6) NOT NULL,
  `studyMode` int(3) NOT NULL,
  `entryMode` int(3) NOT NULL,
  `created_on` datetime NOT NULL,
  `deleted` tinyint(1) NOT NULL DEFAULT '0',
  `status` tinyint(1) NOT NULL DEFAULT '1',
  PRIMARY KEY (`id`),
  UNIQUE KEY `matricNo` (`matricNo`),
  UNIQUE KEY `jamb_reg` (`jamb_reg`),
  KEY `user_id` (`user_id`),
  KEY `progLevel` (`progLevel`),
  KEY `studyMode` (`studyMode`),
  KEY `entryMode` (`entryMode`)
) ENGINE=MyISAM  DEFAULT CHARSET=utf8 AUTO_INCREMENT=2 ;

--
-- Dumping data for table `bf_students`
--

INSERT INTO `bf_students` (`id`, `user_id`, `matricNo`, `jamb_reg`, `prog_id`, `progLevel`, `studyMode`, `entryMode`, `created_on`, `deleted`, `status`) VALUES
(1, 2, 214123, 'de123456', 1, 1, 1, 1, '0000-00-00 00:00:00', 0, 1);

--
-- Triggers `bf_students`
--
DROP TRIGGER IF EXISTS `matric_to_usertable`;
DELIMITER //
CREATE TRIGGER `matric_to_usertable` AFTER INSERT ON `bf_students`
 FOR EACH ROW UPDATE bf_users
SET username = NEW.matricNo
WHERE bf_users.id = NEW.user_id
//
DELIMITER ;
DROP TRIGGER IF EXISTS `matric_to_usertable-2`;
DELIMITER //
CREATE TRIGGER `matric_to_usertable-2` AFTER UPDATE ON `bf_students`
 FOR EACH ROW UPDATE bf_users
SET bf_users.username = NEW.matricNo
WHERE bf_users.id = NEW.user_id
//
DELIMITER ;

-- --------------------------------------------------------

--
-- Stand-in structure for view `bf_studentview`
--
CREATE TABLE IF NOT EXISTS `bf_studentview` (
`student_id` int(9)
,`user_id` int(11)
,`matricNo` int(11)
,`jamb_reg` varchar(11)
,`level` int(6)
,`studyMode` int(3)
,`entryMode` int(3)
,`status` tinyint(1)
,`firstname` varchar(100)
,`middlename` varchar(100)
,`lastname` varchar(100)
,`prog_id` int(9)
,`programme` varchar(112)
,`duration` int(6)
,`deg_id` int(11)
,`course` varchar(100)
,`dept_id` int(9)
,`department` varchar(100)
,`fac_id` int(9)
,`faculty` varchar(100)
,`deleted` tinyint(1)
);
-- --------------------------------------------------------

--
-- Table structure for table `bf_subjectbank`
--

CREATE TABLE IF NOT EXISTS `bf_subjectbank` (
  `id` int(9) NOT NULL AUTO_INCREMENT,
  `course_code` varchar(10) NOT NULL,
  `subject_title` varchar(150) NOT NULL,
  `unit` int(6) NOT NULL,
  `user_id` int(11) NOT NULL,
  `description` text,
  `created_on` datetime NOT NULL,
  `modified_on` datetime DEFAULT NULL,
  `deleted` tinyint(1) NOT NULL DEFAULT '0',
  `status` tinyint(1) NOT NULL DEFAULT '1',
  PRIMARY KEY (`id`)
) ENGINE=MyISAM  DEFAULT CHARSET=utf8 AUTO_INCREMENT=7 ;

--
-- Dumping data for table `bf_subjectbank`
--

INSERT INTO `bf_subjectbank` (`id`, `course_code`, `subject_title`, `unit`, `user_id`, `description`, `created_on`, `modified_on`, `deleted`, `status`) VALUES
(1, 'CSC 101', 'Introduction to Computer Science', 2, 0, 'To be Completed', '2013-12-21 12:15:11', NULL, 0, 1),
(2, 'ENG 101', 'English Language I', 2, 1, 'To be Completed', '2013-12-22 12:15:11', '2014-02-06 15:20:27', 0, 1),
(3, 'ENG 103', 'Spoken English', 2, 0, 'To be Completed', '2013-12-23 12:15:11', NULL, 0, 1),
(4, 'ENG 121', 'Introduction to Nigerian Literature', 2, 0, 'To be Completed', '2013-12-24 12:15:11', NULL, 0, 1),
(5, 'ENG 123', 'Theater Workshop', 2, 0, 'To be Completed', '2013-12-25 12:15:11', NULL, 0, 1),
(6, 'TXN 101', 'Testing subject', 2, 0, 'To be completed', '2015-10-13 03:52:00', '2015-10-13 04:33:52', 0, 1);

-- --------------------------------------------------------

--
-- Table structure for table `bf_test`
--

CREATE TABLE IF NOT EXISTS `bf_test` (
  `id` int(11) NOT NULL AUTO_INCREMENT,
  `textInput` varchar(35) NOT NULL,
  `radioinput` enum('''Male'',''Female''') NOT NULL,
  `selectinput` int(11) DEFAULT NULL,
  `email` varchar(255) DEFAULT NULL,
  `dateofbirth` date DEFAULT '0000-00-00',
  `description` text,
  `deleted` tinyint(1) NOT NULL DEFAULT '0',
  `created_on` datetime NOT NULL DEFAULT '0000-00-00 00:00:00',
  `modified_on` datetime NOT NULL DEFAULT '0000-00-00 00:00:00',
  PRIMARY KEY (`id`)
) ENGINE=MyISAM DEFAULT CHARSET=utf8 AUTO_INCREMENT=1 ;

-- --------------------------------------------------------

--
-- Table structure for table `bf_user_meta`
--

CREATE TABLE IF NOT EXISTS `bf_user_meta` (
  `meta_id` int(20) unsigned NOT NULL AUTO_INCREMENT,
  `user_id` bigint(20) unsigned NOT NULL DEFAULT '0',
  `meta_key` varchar(255) NOT NULL DEFAULT '',
  `meta_value` text,
  PRIMARY KEY (`meta_id`)
) ENGINE=MyISAM  DEFAULT CHARSET=utf8 AUTO_INCREMENT=15 ;

--
-- Dumping data for table `bf_user_meta`
--

INSERT INTO `bf_user_meta` (`meta_id`, `user_id`, `meta_key`, `meta_value`) VALUES
(1, 1, 'dob', '1980-03-05'),
(3, 1, 'gender', 'Male'),
(4, 1, 'nationality', NULL),
(5, 1, 'marital_status', 'Married'),
(6, 1, 'health_status', 'Healthy'),
(7, 1, 'religion', 'Christian'),
(8, 2, 'dob', '1979-04-12'),
(10, 2, 'gender', 'Male'),
(11, 2, 'nationality', NULL),
(12, 2, 'marital_status', 'Married'),
(13, 2, 'health_status', 'Averagely Healthy'),
(14, 2, 'religion', 'Christian');

-- --------------------------------------------------------

--
-- Structure for view `bf_contacts_view`
--
DROP TABLE IF EXISTS `bf_contacts_view`;

CREATE ALGORITHM=MERGE DEFINER=`root`@`localhost` SQL SECURITY DEFINER VIEW `bf_contacts_view` AS select `bf_contact_address`.`id` AS `id`,`bf_contact_address`.`user_id` AS `user_id`,`bf_users`.`firstname` AS `firstname`,`bf_users`.`middlename` AS `middlename`,`bf_users`.`lastname` AS `lastname`,concat(`bf_users`.`firstname`,convert(space(1) using utf8),`bf_users`.`middlename`,convert(space(1) using utf8),`bf_users`.`lastname`) AS `fullname`,`bf_contact_address`.`street_line1` AS `street_line1`,`bf_contact_address`.`street_line2` AS `street_line2`,`bf_states`.`state_name` AS `state`,`bf_countries`.`printable_name` AS `country`,`bf_local_government`.`lga_name` AS `lga`,`bf_contact_address`.`postcode` AS `postcode`,`bf_contact_address`.`other` AS `other`,`bf_contact_address`.`telephone` AS `telephone`,`bf_contact_address`.`contact_type` AS `contact_type` from ((((`bf_contact_address` join `bf_users` on((`bf_users`.`id` = `bf_contact_address`.`user_id`))) join `bf_states` on((`bf_states`.`id` = `bf_contact_address`.`state_id`))) join `bf_countries` on((`bf_countries`.`iso` = `bf_states`.`country_code`))) join `bf_local_government` on((`bf_local_government`.`id` = `bf_contact_address`.`lga_id`)));

-- --------------------------------------------------------

--
-- Structure for view `bf_lga_view`
--
DROP TABLE IF EXISTS `bf_lga_view`;

CREATE ALGORITHM=MERGE DEFINER=`root`@`localhost` SQL SECURITY DEFINER VIEW `bf_lga_view` AS select `bf_local_government`.`id` AS `id`,`bf_local_government`.`lga_name` AS `lga_name`,`bf_local_government`.`literacy` AS `literacy`,`bf_states`.`state_name` AS `state`,`bf_countries`.`printable_name` AS `country`,`bf_local_government`.`deleted` AS `deleted` from ((`bf_local_government` join `bf_states` on((`bf_states`.`id` = `bf_local_government`.`state_id`))) join `bf_countries` on((`bf_countries`.`iso` = `bf_states`.`country_code`)));

-- --------------------------------------------------------

--
-- Structure for view `bf_studentview`
--
DROP TABLE IF EXISTS `bf_studentview`;

CREATE ALGORITHM=MERGE DEFINER=`root`@`localhost` SQL SECURITY DEFINER VIEW `bf_studentview` AS select `s`.`id` AS `student_id`,`s`.`user_id` AS `user_id`,`s`.`matricNo` AS `matricNo`,`s`.`jamb_reg` AS `jamb_reg`,`s`.`progLevel` AS `level`,`s`.`studyMode` AS `studyMode`,`s`.`entryMode` AS `entryMode`,`s`.`status` AS `status`,`u`.`firstname` AS `firstname`,`u`.`middlename` AS `middlename`,`u`.`lastname` AS `lastname`,`p`.`id` AS `prog_id`,concat(`dg`.`deg_Abbreviation`,convert(space(1) using utf8),`c`.`course_name`) AS `programme`,`p`.`duration` AS `duration`,`p`.`deg_id` AS `deg_id`,`c`.`course_name` AS `course`,`d`.`id` AS `dept_id`,`d`.`dept_name` AS `department`,`f`.`id` AS `fac_id`,`f`.`fac_name` AS `faculty`,`s`.`deleted` AS `deleted` from ((((((`bf_students` `s` join `bf_users` `u` on((`u`.`id` = `s`.`user_id`))) join `bf_program` `p` on((`p`.`id` = `s`.`prog_id`))) join `bf_degree` `dg` on((`dg`.`id` = `p`.`deg_id`))) join `bf_coursebank` `c` on((`c`.`id` = `p`.`course_id`))) join `bf_department` `d` on((`d`.`id` = `c`.`dept_id`))) join `bf_faculty` `f` on((`f`.`id` = `d`.`fac_id`)));

/*!40101 SET CHARACTER_SET_CLIENT=@OLD_CHARACTER_SET_CLIENT */;
/*!40101 SET CHARACTER_SET_RESULTS=@OLD_CHARACTER_SET_RESULTS */;
/*!40101 SET COLLATION_CONNECTION=@OLD_COLLATION_CONNECTION */;
